date,predicted_sales,ci_lower_80,ci_upper_80,month,month_name,quarter,week_of_year,day_of_week,day_of_month,is_weekend,sales_category,business_action,year_month,quantity_placeholder,state_placeholder,order_date,customer_id,unit_price,price_tier,promo_flag,is_bulk_order,is_business_like,segment,RFM_score,recency_days,frequency,is_b2b_prospect
04-04-2026,1894252,1814285,1974218,4,Apr-26,Q2 2026,14,Saturday,4,1,LOW, PROMOTIONS - Slow Month,2026-04,1,National,04-04-2026,1,55.63881125,High,1,TRUE,TRUE,At Risk,135,-19,1,TRUE
05-04-2026,1991988,1826705,2157271,4,Apr-26,Q2 2026,14,Sunday,5,1,LOW, PROMOTIONS - Slow Month,2026-04,1,National,05-04-2026,2,50.81828974,Medium,1,TRUE,TRUE,At Risk,135,-20,1,TRUE
06-04-2026,1926855,1676812,2176897,4,Apr-26,Q2 2026,15,Monday,6,0,LOW, PROMOTIONS - Slow Month,2026-04,1,National,06-04-2026,3,63.39194252,Premium,1,TRUE,TRUE,At Risk,135,-21,1,TRUE
07-04-2026,1718552,1394916,2042189,4,Apr-26,Q2 2026,15,Tuesday,7,0,LOW, PROMOTIONS - Slow Month,2026-04,1,National,07-04-2026,4,60.39628124,Premium,1,TRUE,TRUE,At Risk,135,-22,1,TRUE
08-04-2026,1402057,1022668,1781445,4,Apr-26,Q2 2026,15,Wednesday,8,0,LOW, PROMOTIONS - Slow Month,2026-04,1,National,08-04-2026,5,53.32133796,Medium,1,TRUE,TRUE,At Risk,135,-23,1,TRUE
09-04-2026,1022397,607519,1437275,4,Apr-26,Q2 2026,15,Thursday,9,0,LOW, PROMOTIONS - Slow Month,2026-04,1,National,09-04-2026,6,58.77933825,High,1,TRUE,TRUE,At Risk,135,-24,1,TRUE
10-04-2026,628646,196648,1060645,4,Apr-26,Q2 2026,15,Friday,10,0,LOW, PROMOTIONS - Slow Month,2026-04,1,National,10-04-2026,7,64.84893321,Premium,1,FALSE,FALSE,At Risk,131,-25,1,FALSE
11-04-2026,267882,-168597,704360,4,Apr-26,Q2 2026,15,Saturday,11,1,LOW, PROMOTIONS - Slow Month,2026-04,1,National,11-04-2026,8,60.27986475,Premium,1,FALSE,FALSE,At Risk,131,-26,1,FALSE
12-04-2026,0,-456649,416312,4,Apr-26,Q2 2026,15,Sunday,12,1,LOW, PROMOTIONS - Slow Month,2026-04,1,National,12-04-2026,9,39.11251567,Very Low,0,FALSE,FALSE,At Risk,131,-27,1,FALSE
13-04-2026,0,-647194,232745,4,Apr-26,Q2 2026,16,Monday,13,0,LOW, PROMOTIONS - Slow Month,2026-04,1,National,13-04-2026,10,42.42222251,Low,0,FALSE,FALSE,At Risk,131,-28,1,FALSE
14-04-2026,0,-730388,172562,4,Apr-26,Q2 2026,16,Tuesday,14,0,LOW, PROMOTIONS - Slow Month,2026-04,1,National,14-04-2026,11,63.44492075,Premium,0,FALSE,FALSE,At Risk,131,-29,1,FALSE
15-04-2026,0,-705791,234964,4,Apr-26,Q2 2026,16,Wednesday,15,0,LOW, PROMOTIONS - Slow Month,2026-04,1,National,15-04-2026,12,62.36183461,Premium,0,FALSE,FALSE,At Risk,131,-30,1,FALSE
16-04-2026,0,-582586,401867,4,Apr-26,Q2 2026,16,Thursday,16,0,LOW, PROMOTIONS - Slow Month,2026-04,1,National,16-04-2026,13,48.2947303,Medium,0,FALSE,FALSE,At Risk,131,-31,1,FALSE
17-04-2026,131755,-380027,643537,4,Apr-26,Q2 2026,16,Friday,17,0,LOW, PROMOTIONS - Slow Month,2026-04,1,National,17-04-2026,14,61.42413023,Premium,1,FALSE,FALSE,At Risk,131,-32,1,FALSE
18-04-2026,399245,-126236,924726,4,Apr-26,Q2 2026,16,Saturday,18,1,LOW, PROMOTIONS - Slow Month,2026-04,1,National,18-04-2026,15,43.82817624,Low,1,FALSE,FALSE,At Risk,131,-33,1,FALSE
19-04-2026,677472,145017,1209927,4,Apr-26,Q2 2026,16,Sunday,19,1,LOW, PROMOTIONS - Slow Month,2026-04,1,National,19-04-2026,16,37.24013249,Very Low,1,TRUE,TRUE,At Risk,135,-34,1,TRUE
20-04-2026,933112,398757,1467467,4,Apr-26,Q2 2026,17,Monday,20,0,LOW, PROMOTIONS - Slow Month,2026-04,1,National,20-04-2026,17,55.61045681,High,1,TRUE,TRUE,At Risk,135,-35,1,TRUE
21-04-2026,1137955,603596,1672314,4,Apr-26,Q2 2026,17,Tuesday,21,0,LOW, PROMOTIONS - Slow Month,2026-04,1,National,21-04-2026,18,51.06168283,Medium,1,TRUE,TRUE,At Risk,135,-36,1,TRUE
22-04-2026,1271823,736100,1807546,4,Apr-26,Q2 2026,17,Wednesday,22,0,LOW, PROMOTIONS - Slow Month,2026-04,1,National,22-04-2026,19,63.59056853,Premium,1,TRUE,TRUE,At Risk,135,-37,1,TRUE
23-04-2026,1324333,783939,1864727,4,Apr-26,Q2 2026,17,Thursday,23,0,LOW, PROMOTIONS - Slow Month,2026-04,1,National,23-04-2026,20,44.36207089,Low,1,TRUE,TRUE,At Risk,135,-38,1,TRUE
24-04-2026,1295383,747067,1843698,4,Apr-26,Q2 2026,17,Friday,24,0,LOW, PROMOTIONS - Slow Month,2026-04,1,National,24-04-2026,21,62.84569686,Premium,1,TRUE,TRUE,At Risk,135,-39,1,TRUE
25-04-2026,1194402,636616,1752189,4,Apr-26,Q2 2026,17,Saturday,25,1,LOW, PROMOTIONS - Slow Month,2026-04,1,National,25-04-2026,22,58.21520785,High,1,TRUE,TRUE,At Risk,135,-40,1,TRUE
26-04-2026,1038541,472008,1605074,4,Apr-26,Q2 2026,17,Sunday,26,1,LOW, PROMOTIONS - Slow Month,2026-04,1,National,26-04-2026,23,50.71006273,Medium,1,TRUE,TRUE,At Risk,135,-41,1,TRUE
27-04-2026,850094,277276,1422913,4,Apr-26,Q2 2026,18,Monday,27,0,LOW, PROMOTIONS - Slow Month,2026-04,1,National,27-04-2026,24,44.17409129,Low,1,TRUE,TRUE,At Risk,135,-42,1,TRUE
28-04-2026,653510,77424,1229596,4,Apr-26,Q2 2026,18,Tuesday,28,0,LOW, PROMOTIONS - Slow Month,2026-04,1,National,28-04-2026,25,51.47510366,Medium,1,FALSE,FALSE,At Risk,131,-43,1,FALSE
29-04-2026,472374,-104627,1049375,4,Apr-26,Q2 2026,18,Wednesday,29,0,LOW, PROMOTIONS - Slow Month,2026-04,1,National,29-04-2026,26,50.76795141,Medium,1,FALSE,FALSE,At Risk,131,-44,1,FALSE
30-04-2026,326717,-250288,903721,4,Apr-26,Q2 2026,18,Thursday,30,0,LOW, PROMOTIONS - Slow Month,2026-04,1,National,30-04-2026,27,35.73990504,Very Low,1,FALSE,FALSE,At Risk,131,-45,1,FALSE
01-05-2026,230933,-346674,808541,5,May-26,Q2 2026,18,Friday,1,0,LOW,  STOCK UP - Peak Month,2026-05,1,National,01-05-2026,28,61.64129895,Premium,1,FALSE,FALSE,At Risk,131,-46,1,FALSE
02-05-2026,192521,-387214,772256,5,May-26,Q2 2026,18,Saturday,2,1,LOW,  STOCK UP - Peak Month,2026-05,1,National,02-05-2026,29,39.78701986,Very Low,1,FALSE,FALSE,At Risk,131,-47,1,FALSE
03-05-2026,211713,-371691,795117,5,May-26,Q2 2026,18,Sunday,3,1,LOW,  STOCK UP - Peak Month,2026-05,1,National,03-05-2026,30,46.409384,Low,1,FALSE,FALSE,At Risk,131,-48,1,FALSE
04-05-2026,281991,-305868,869849,5,May-26,Q2 2026,19,Monday,4,0,LOW,  STOCK UP - Peak Month,2026-05,1,National,04-05-2026,31,51.06665569,Medium,1,FALSE,FALSE,At Risk,131,-49,1,FALSE
05-05-2026,391347,-200685,983380,5,May-26,Q2 2026,19,Tuesday,5,0,LOW,  STOCK UP - Peak Month,2026-05,1,National,05-05-2026,32,40.53327106,Very Low,1,FALSE,FALSE,At Risk,131,-50,1,FALSE
06-05-2026,524099,-70974,1119171,5,May-26,Q2 2026,19,Wednesday,6,0,LOW,  STOCK UP - Peak Month,2026-05,1,National,06-05-2026,33,63.99199781,Premium,1,FALSE,FALSE,At Risk,131,-51,1,FALSE
07-05-2026,662989,66315,1259664,5,May-26,Q2 2026,19,Thursday,7,0,LOW,  STOCK UP - Peak Month,2026-05,1,National,07-05-2026,34,35.59351516,Very Low,1,FALSE,FALSE,At Risk,134,-52,1,FALSE
08-05-2026,791326,194192,1388460,5,May-26,Q2 2026,19,Friday,8,0,LOW,  STOCK UP - Peak Month,2026-05,1,National,08-05-2026,35,62.94943942,Premium,1,TRUE,TRUE,At Risk,135,-53,1,TRUE
09-05-2026,894888,297751,1492025,5,May-26,Q2 2026,19,Saturday,9,1,LOW,  STOCK UP - Peak Month,2026-05,1,National,09-05-2026,36,45.65451198,Low,1,TRUE,TRUE,At Risk,135,-54,1,TRUE
10-05-2026,963407,365992,1560822,5,May-26,Q2 2026,19,Sunday,10,1,LOW,  STOCK UP - Peak Month,2026-05,1,National,10-05-2026,37,38.523461,Very Low,1,TRUE,TRUE,At Risk,135,-55,1,TRUE
11-05-2026,991473,393050,1589896,5,May-26,Q2 2026,20,Monday,11,0,LOW,  STOCK UP - Peak Month,2026-05,1,National,11-05-2026,38,57.23302639,High,1,TRUE,TRUE,At Risk,135,-56,1,TRUE
12-05-2026,978807,378622,1578992,5,May-26,Q2 2026,20,Tuesday,12,0,LOW,  STOCK UP - Peak Month,2026-05,1,National,12-05-2026,39,63.5851051,Premium,1,TRUE,TRUE,At Risk,135,-57,1,TRUE
13-05-2026,929912,327567,1532257,5,May-26,Q2 2026,20,Wednesday,13,0,LOW,  STOCK UP - Peak Month,2026-05,1,National,13-05-2026,40,58.9463726,High,1,TRUE,TRUE,At Risk,135,-58,1,TRUE
14-05-2026,853193,248804,1457582,5,May-26,Q2 2026,20,Thursday,14,0,LOW,  STOCK UP - Peak Month,2026-05,1,National,14-05-2026,41,57.87533815,High,1,TRUE,TRUE,At Risk,135,-59,1,TRUE
15-05-2026,759683,153792,1365574,5,May-26,Q2 2026,20,Friday,15,0,LOW,  STOCK UP - Peak Month,2026-05,1,National,15-05-2026,42,55.91999729,High,1,TRUE,TRUE,At Risk,135,-60,1,TRUE
16-05-2026,661561,54869,1268252,5,May-26,Q2 2026,20,Saturday,16,1,LOW,  STOCK UP - Peak Month,2026-05,1,National,16-05-2026,43,41.38153039,Low,1,FALSE,FALSE,At Risk,134,-61,1,FALSE
17-05-2026,570639,-36287,1177566,5,May-26,Q2 2026,20,Sunday,17,1,LOW,  STOCK UP - Peak Month,2026-05,1,National,17-05-2026,44,54.76214552,High,1,FALSE,FALSE,At Risk,131,-62,1,FALSE
18-05-2026,497014,-109915,1103943,5,May-26,Q2 2026,21,Monday,18,0,LOW,  STOCK UP - Peak Month,2026-05,1,National,18-05-2026,45,50.20712021,Medium,1,FALSE,FALSE,At Risk,131,-63,1,FALSE
19-05-2026,448008,-159051,1055067,5,May-26,Q2 2026,21,Tuesday,19,0,LOW,  STOCK UP - Peak Month,2026-05,1,National,19-05-2026,46,56.36173959,High,1,FALSE,FALSE,At Risk,131,-64,1,FALSE
20-05-2026,427525,-180020,1035070,5,May-26,Q2 2026,21,Wednesday,20,0,LOW,  STOCK UP - Peak Month,2026-05,1,National,20-05-2026,47,36.28085093,Very Low,1,FALSE,FALSE,At Risk,131,-65,1,FALSE
21-05-2026,435841,-172563,1044245,5,May-26,Q2 2026,21,Thursday,21,0,LOW,  STOCK UP - Peak Month,2026-05,1,National,21-05-2026,48,43.21179268,Low,1,FALSE,FALSE,At Risk,131,-66,1,FALSE
22-05-2026,469849,-139618,1079315,5,May-26,Q2 2026,21,Friday,22,0,LOW,  STOCK UP - Peak Month,2026-05,1,National,22-05-2026,49,51.96104083,Medium,1,FALSE,FALSE,At Risk,131,-67,1,FALSE
23-05-2026,523665,-86814,1134143,5,May-26,Q2 2026,21,Saturday,23,1,LOW,  STOCK UP - Peak Month,2026-05,1,National,23-05-2026,50,64.08396143,Premium,1,FALSE,FALSE,At Risk,131,-68,1,FALSE
24-05-2026,589528,-21700,1200756,5,May-26,Q2 2026,21,Sunday,24,1,LOW,  STOCK UP - Peak Month,2026-05,1,National,24-05-2026,51,39.73629893,Very Low,1,FALSE,FALSE,At Risk,131,-69,1,FALSE
25-05-2026,658844,47213,1270476,5,May-26,Q2 2026,22,Monday,25,0,LOW,  STOCK UP - Peak Month,2026-05,1,National,25-05-2026,52,40.66940436,Very Low,1,FALSE,FALSE,At Risk,132,-70,1,FALSE
26-05-2026,723254,111502,1335007,5,May-26,Q2 2026,22,Tuesday,26,0,LOW,  STOCK UP - Peak Month,2026-05,1,National,26-05-2026,53,42.12201996,Low,1,TRUE,TRUE,At Risk,135,-71,1,TRUE
27-05-2026,775592,163838,1387346,5,May-26,Q2 2026,22,Wednesday,27,0,LOW,  STOCK UP - Peak Month,2026-05,1,National,27-05-2026,54,54.17814628,High,1,TRUE,TRUE,At Risk,135,-72,1,TRUE
28-05-2026,810634,198819,1422450,5,May-26,Q2 2026,22,Thursday,28,0,LOW,  STOCK UP - Peak Month,2026-05,1,National,28-05-2026,55,61.64247309,Premium,1,TRUE,TRUE,At Risk,135,-73,1,TRUE
29-05-2026,825568,213516,1437619,5,May-26,Q2 2026,22,Friday,29,0,LOW,  STOCK UP - Peak Month,2026-05,1,National,29-05-2026,56,52.54176179,Medium,1,TRUE,TRUE,At Risk,135,-74,1,TRUE
30-05-2026,820139,207666,1432613,5,May-26,Q2 2026,22,Saturday,30,1,LOW,  STOCK UP - Peak Month,2026-05,1,National,30-05-2026,57,52.11807503,Medium,1,TRUE,TRUE,At Risk,135,-75,1,TRUE
31-05-2026,796494,183496,1409493,5,May-26,Q2 2026,22,Sunday,31,1,LOW,  STOCK UP - Peak Month,2026-05,1,National,31-05-2026,58,46.90230986,Medium,1,TRUE,TRUE,At Risk,135,-76,1,TRUE
01-06-2026,758749,145246,1372252,6,Jun-26,Q2 2026,23,Monday,1,0,LOW,  MAINTAIN - Normal,2026-06,1,National,01-06-2026,59,54.76133613,High,1,TRUE,TRUE,At Risk,135,-77,1,TRUE
02-06-2026,712362,98483,1326241,6,Jun-26,Q2 2026,23,Tuesday,2,0,LOW,  MAINTAIN - Normal,2026-06,1,National,02-06-2026,60,49.62412845,Medium,1,TRUE,TRUE,At Risk,135,-78,1,TRUE
03-06-2026,663398,49315,1277481,6,Jun-26,Q2 2026,23,Wednesday,3,0,LOW,  MAINTAIN - Normal,2026-06,1,National,03-06-2026,61,58.37065491,High,1,FALSE,FALSE,At Risk,135,-79,1,FALSE
04-06-2026,617772,3627,1231917,6,Jun-26,Q2 2026,23,Thursday,4,0,LOW,  MAINTAIN - Normal,2026-06,1,National,04-06-2026,62,48.84378253,Medium,1,FALSE,FALSE,At Risk,131,-80,1,FALSE
05-06-2026,580571,-33576,1194717,6,Jun-26,Q2 2026,23,Friday,5,0,LOW,  MAINTAIN - Normal,2026-06,1,National,05-06-2026,63,57.33309898,High,1,FALSE,FALSE,At Risk,131,-81,1,FALSE
06-06-2026,555518,-58658,1169693,6,Jun-26,Q2 2026,23,Saturday,6,1,LOW,  MAINTAIN - Normal,2026-06,1,National,06-06-2026,64,57.38249266,High,1,FALSE,FALSE,At Risk,131,-82,1,FALSE
07-06-2026,544641,-69649,1158932,6,Jun-26,Q2 2026,23,Sunday,7,1,LOW,  MAINTAIN - Normal,2026-06,1,National,07-06-2026,65,51.79136277,Medium,1,FALSE,FALSE,At Risk,131,-83,1,FALSE
08-06-2026,548160,-66339,1162658,6,Jun-26,Q2 2026,24,Monday,8,0,LOW,  MAINTAIN - Normal,2026-06,1,National,08-06-2026,66,38.45509386,Very Low,1,FALSE,FALSE,At Risk,131,-84,1,FALSE
09-06-2026,564594,-50165,1179353,6,Jun-26,Q2 2026,24,Tuesday,9,0,LOW,  MAINTAIN - Normal,2026-06,1,National,09-06-2026,67,58.21198243,High,1,FALSE,FALSE,At Risk,131,-85,1,FALSE
10-06-2026,591065,-23946,1206076,6,Jun-26,Q2 2026,24,Wednesday,10,0,LOW,  MAINTAIN - Normal,2026-06,1,National,10-06-2026,68,56.49499264,High,1,FALSE,FALSE,At Risk,131,-86,1,FALSE
11-06-2026,623732,8533,1238932,6,Jun-26,Q2 2026,24,Thursday,11,0,LOW,  MAINTAIN - Normal,2026-06,1,National,11-06-2026,69,46.46882369,Low,1,FALSE,FALSE,At Risk,131,-87,1,FALSE
12-06-2026,658318,43015,1273621,6,Jun-26,Q2 2026,24,Friday,12,0,LOW,  MAINTAIN - Normal,2026-06,1,National,12-06-2026,70,64.97817657,Premium,1,FALSE,FALSE,At Risk,131,-88,1,FALSE
13-06-2026,690636,75300,1305971,6,Jun-26,Q2 2026,24,Saturday,13,1,LOW,  MAINTAIN - Normal,2026-06,1,National,13-06-2026,71,51.91273318,Medium,1,TRUE,TRUE,At Risk,135,-89,1,TRUE
14-06-2026,717076,101739,1332412,6,Jun-26,Q2 2026,24,Sunday,14,1,LOW,  MAINTAIN - Normal,2026-06,1,National,14-06-2026,72,42.47894064,Low,1,TRUE,TRUE,At Risk,135,-90,1,TRUE
15-06-2026,734983,119633,1350333,6,Jun-26,Q2 2026,25,Monday,15,0,LOW,  MAINTAIN - Normal,2026-06,1,National,15-06-2026,73,38.4329681,Very Low,1,TRUE,TRUE,At Risk,135,-91,1,TRUE
16-06-2026,742898,127492,1358304,6,Jun-26,Q2 2026,25,Tuesday,16,0,LOW,  MAINTAIN - Normal,2026-06,1,National,16-06-2026,74,44.09704568,Low,1,TRUE,TRUE,At Risk,235,-92,1,TRUE
17-06-2026,740636,125127,1356145,6,Jun-26,Q2 2026,25,Wednesday,17,0,LOW,  MAINTAIN - Normal,2026-06,1,National,17-06-2026,75,44.52513728,Low,1,TRUE,TRUE,At Risk,235,-93,1,TRUE
18-06-2026,729217,113579,1344855,6,Jun-26,Q2 2026,25,Thursday,18,0,LOW,  MAINTAIN - Normal,2026-06,1,National,18-06-2026,76,44.22047858,Low,1,TRUE,TRUE,At Risk,235,-94,1,TRUE
19-06-2026,710656,94892,1326420,6,Jun-26,Q2 2026,25,Friday,19,0,LOW,  MAINTAIN - Normal,2026-06,1,National,19-06-2026,77,38.78988556,Very Low,1,TRUE,TRUE,At Risk,235,-95,1,TRUE
20-06-2026,687652,71793,1303511,6,Jun-26,Q2 2026,25,Saturday,20,1,LOW,  MAINTAIN - Normal,2026-06,1,National,20-06-2026,78,36.75183735,Very Low,1,TRUE,TRUE,At Risk,235,-96,1,TRUE
21-06-2026,663224,47312,1279136,6,Jun-26,Q2 2026,25,Sunday,21,1,LOW,  MAINTAIN - Normal,2026-06,1,National,21-06-2026,79,37.58347412,Very Low,1,FALSE,FALSE,At Risk,235,-97,1,FALSE
22-06-2026,640334,24406,1256263,6,Jun-26,Q2 2026,26,Monday,22,0,LOW,  MAINTAIN - Normal,2026-06,1,National,22-06-2026,80,37.3670491,Very Low,1,FALSE,FALSE,At Risk,231,-98,1,FALSE
23-06-2026,621544,5616,1237473,6,Jun-26,Q2 2026,26,Tuesday,23,0,LOW,  MAINTAIN - Normal,2026-06,1,National,23-06-2026,81,51.32207674,Medium,1,FALSE,FALSE,At Risk,231,-99,1,FALSE
24-06-2026,608747,-7189,1224682,6,Jun-26,Q2 2026,26,Wednesday,24,0,LOW,  MAINTAIN - Normal,2026-06,1,National,24-06-2026,82,44.58733376,Low,1,FALSE,FALSE,At Risk,231,-100,1,FALSE
25-06-2026,602992,-12970,1218955,6,Jun-26,Q2 2026,26,Thursday,25,0,LOW,  MAINTAIN - Normal,2026-06,1,National,25-06-2026,83,54.64251471,High,1,FALSE,FALSE,At Risk,231,-101,1,FALSE
26-06-2026,604432,-11581,1220445,6,Jun-26,Q2 2026,26,Friday,26,0,LOW,  MAINTAIN - Normal,2026-06,1,National,26-06-2026,84,35.26262861,Very Low,1,FALSE,FALSE,At Risk,231,-102,1,FALSE
27-06-2026,612363,-3715,1228441,6,Jun-26,Q2 2026,26,Saturday,27,1,LOW,  MAINTAIN - Normal,2026-06,1,National,27-06-2026,85,35.32071451,Very Low,1,FALSE,FALSE,At Risk,231,-103,1,FALSE
28-06-2026,625377,9236,1241517,6,Jun-26,Q2 2026,26,Sunday,28,1,LOW,  MAINTAIN - Normal,2026-06,1,National,28-06-2026,86,57.16843247,High,1,FALSE,FALSE,At Risk,231,-104,1,FALSE
29-06-2026,641575,25386,1257763,6,Jun-26,Q2 2026,27,Monday,29,0,LOW,  MAINTAIN - Normal,2026-06,1,National,29-06-2026,87,51.12878341,Medium,1,FALSE,FALSE,At Risk,231,-105,1,FALSE
30-06-2026,658827,42612,1275042,6,Jun-26,Q2 2026,27,Tuesday,30,0,LOW,  MAINTAIN - Normal,2026-06,1,National,30-06-2026,88,57.64330919,High,1,FALSE,FALSE,At Risk,232,-106,1,FALSE
01-07-2026,675038,58814,1291261,7,Jul-26,Q3 2026,27,Wednesday,1,0,LOW,  STOCK UP - Peak Month,2026-07,1,National,01-07-2026,89,38.73965545,Very Low,1,TRUE,TRUE,At Risk,235,-107,1,TRUE
02-07-2026,688390,72166,1304614,7,Jul-26,Q3 2026,27,Thursday,2,0,LOW,  STOCK UP - Peak Month,2026-07,1,National,02-07-2026,90,41.84217992,Low,1,TRUE,TRUE,At Risk,235,-108,1,TRUE
03-07-2026,697534,81307,1313761,7,Jul-26,Q3 2026,27,Friday,3,0,LOW,  STOCK UP - Peak Month,2026-07,1,National,03-07-2026,91,60.84059991,Premium,1,TRUE,TRUE,At Risk,235,-109,1,TRUE
04-07-2026,701714,85474,1317955,7,Jul-26,Q3 2026,27,Saturday,4,1,LOW,  STOCK UP - Peak Month,2026-07,1,National,04-07-2026,92,48.94645664,Medium,1,TRUE,TRUE,At Risk,235,-110,1,TRUE
05-07-2026,700809,84544,1317075,7,Jul-26,Q3 2026,27,Sunday,5,1,LOW,  STOCK UP - Peak Month,2026-07,1,National,05-07-2026,93,46.20451397,Low,1,TRUE,TRUE,At Risk,235,-111,1,TRUE
06-07-2026,695303,79005,1311600,7,Jul-26,Q3 2026,28,Monday,6,0,LOW,  STOCK UP - Peak Month,2026-07,1,National,06-07-2026,94,44.41003209,Low,1,TRUE,TRUE,At Risk,235,-112,1,TRUE
07-07-2026,686180,69851,1302509,7,Jul-26,Q3 2026,28,Tuesday,7,0,LOW,  STOCK UP - Peak Month,2026-07,1,National,07-07-2026,95,60.33899409,Premium,1,TRUE,TRUE,At Risk,235,-113,1,TRUE
08-07-2026,674775,58422,1291128,7,Jul-26,Q3 2026,28,Wednesday,8,0,LOW,  STOCK UP - Peak Month,2026-07,1,National,08-07-2026,96,46.66370701,Low,1,TRUE,TRUE,At Risk,235,-114,1,TRUE
09-07-2026,662592,46225,1278958,7,Jul-26,Q3 2026,28,Thursday,9,0,LOW,  STOCK UP - Peak Month,2026-07,1,National,09-07-2026,97,52.52113493,Medium,1,FALSE,FALSE,At Risk,234,-115,1,FALSE
10-07-2026,651111,34740,1267482,7,Jul-26,Q3 2026,28,Friday,10,0,LOW,  STOCK UP - Peak Month,2026-07,1,National,10-07-2026,98,53.41299862,High,1,FALSE,FALSE,At Risk,231,-116,1,FALSE
11-07-2026,641624,25253,1257995,7,Jul-26,Q3 2026,28,Saturday,11,1,LOW,  STOCK UP - Peak Month,2026-07,1,National,11-07-2026,99,60.85562373,Premium,1,FALSE,FALSE,At Risk,231,-117,1,FALSE
12-07-2026,635091,18719,1251464,7,Jul-26,Q3 2026,28,Sunday,12,1,LOW,  STOCK UP - Peak Month,2026-07,1,National,12-07-2026,100,42.6574584,Low,1,FALSE,FALSE,At Risk,231,-118,1,FALSE
13-07-2026,632057,15678,1248437,7,Jul-26,Q3 2026,29,Monday,13,0,LOW,  STOCK UP - Peak Month,2026-07,1,National,13-07-2026,101,42.26193847,Low,1,FALSE,FALSE,At Risk,231,-119,1,FALSE
14-07-2026,632617,16226,1249009,7,Jul-26,Q3 2026,29,Tuesday,14,0,LOW,  STOCK UP - Peak Month,2026-07,1,National,14-07-2026,102,36.0296964,Very Low,1,FALSE,FALSE,At Risk,231,-120,1,FALSE
15-07-2026,636439,20032,1252847,7,Jul-26,Q3 2026,29,Wednesday,15,0,LOW,  STOCK UP - Peak Month,2026-07,1,National,15-07-2026,103,50.81194704,Medium,1,FALSE,FALSE,At Risk,231,-121,1,FALSE
16-07-2026,642834,26410,1259257,7,Jul-26,Q3 2026,29,Thursday,16,0,LOW,  STOCK UP - Peak Month,2026-07,1,National,16-07-2026,104,64.8969397,Premium,1,FALSE,FALSE,At Risk,231,-122,1,FALSE
17-07-2026,650863,34427,1267298,7,Jul-26,Q3 2026,29,Friday,17,0,LOW,  STOCK UP - Peak Month,2026-07,1,National,17-07-2026,105,45.4358114,Low,1,FALSE,FALSE,At Risk,231,-123,1,FALSE
18-07-2026,659466,43024,1275909,7,Jul-26,Q3 2026,29,Saturday,18,1,LOW,  STOCK UP - Peak Month,2026-07,1,National,18-07-2026,106,49.83326033,Medium,1,FALSE,FALSE,At Risk,232,-124,1,FALSE
19-07-2026,667596,51151,1284040,7,Jul-26,Q3 2026,29,Sunday,19,1,LOW,  STOCK UP - Peak Month,2026-07,1,National,19-07-2026,107,42.46782976,Low,1,FALSE,FALSE,At Risk,235,-125,1,FALSE
20-07-2026,674336,57892,1290781,7,Jul-26,Q3 2026,30,Monday,20,0,LOW,  STOCK UP - Peak Month,2026-07,1,National,20-07-2026,108,60.27363514,Premium,1,TRUE,TRUE,At Risk,235,-126,1,TRUE
21-07-2026,679003,62557,1295448,7,Jul-26,Q3 2026,30,Tuesday,21,0,LOW,  STOCK UP - Peak Month,2026-07,1,National,21-07-2026,109,43.96249666,Low,1,TRUE,TRUE,At Risk,235,-127,1,TRUE
22-07-2026,681203,64755,1297652,7,Jul-26,Q3 2026,30,Wednesday,22,0,LOW,  STOCK UP - Peak Month,2026-07,1,National,22-07-2026,110,62.65826712,Premium,1,TRUE,TRUE,At Risk,235,-128,1,TRUE
23-07-2026,680864,64409,1297318,7,Jul-26,Q3 2026,30,Thursday,23,0,LOW,  STOCK UP - Peak Month,2026-07,1,National,23-07-2026,111,61.45369037,Premium,1,TRUE,TRUE,At Risk,235,-129,1,TRUE
24-07-2026,678212,61750,1294675,7,Jul-26,Q3 2026,30,Friday,24,0,LOW,  STOCK UP - Peak Month,2026-07,1,National,24-07-2026,112,39.42454241,Very Low,1,TRUE,TRUE,At Risk,235,-130,1,TRUE
25-07-2026,673731,57260,1290201,7,Jul-26,Q3 2026,30,Saturday,25,1,LOW,  STOCK UP - Peak Month,2026-07,1,National,25-07-2026,113,49.21757335,Medium,1,TRUE,TRUE,At Risk,235,-131,1,TRUE
26-07-2026,668078,51602,1284555,7,Jul-26,Q3 2026,30,Sunday,26,1,LOW,  STOCK UP - Peak Month,2026-07,1,National,26-07-2026,114,54.50407755,High,1,FALSE,FALSE,At Risk,235,-132,1,FALSE
27-07-2026,662003,45523,1278483,7,Jul-26,Q3 2026,31,Monday,27,0,LOW,  STOCK UP - Peak Month,2026-07,1,National,27-07-2026,115,54.20974382,High,1,FALSE,FALSE,At Risk,234,-133,1,FALSE
28-07-2026,656247,39766,1272728,7,Jul-26,Q3 2026,31,Tuesday,28,0,LOW,  STOCK UP - Peak Month,2026-07,1,National,28-07-2026,116,43.50167886,Low,1,FALSE,FALSE,At Risk,231,-134,1,FALSE
29-07-2026,651458,34977,1267940,7,Jul-26,Q3 2026,31,Wednesday,29,0,LOW,  STOCK UP - Peak Month,2026-07,1,National,29-07-2026,117,54.05500072,High,1,FALSE,FALSE,At Risk,231,-135,1,FALSE
30-07-2026,648126,31644,1264608,7,Jul-26,Q3 2026,31,Thursday,30,0,LOW,  STOCK UP - Peak Month,2026-07,1,National,30-07-2026,118,36.548844,Very Low,1,FALSE,FALSE,At Risk,231,-136,1,FALSE
31-07-2026,646531,30048,1263014,7,Jul-26,Q3 2026,31,Friday,31,0,LOW,  STOCK UP - Peak Month,2026-07,1,National,31-07-2026,119,57.89056799,High,1,FALSE,FALSE,At Risk,231,-137,1,FALSE
01-08-2026,646731,30245,1263217,8,Aug-26,Q3 2026,31,Saturday,1,1,LOW,  STOCK UP - Peak Month,2026-08,1,National,01-08-2026,120,58.01879813,High,1,FALSE,FALSE,At Risk,231,-138,1,FALSE
02-08-2026,648570,32080,1265060,8,Aug-26,Q3 2026,31,Sunday,2,1,LOW,  STOCK UP - Peak Month,2026-08,1,National,02-08-2026,121,53.06306984,Medium,1,FALSE,FALSE,At Risk,231,-139,1,FALSE
03-08-2026,651710,35216,1268204,8,Aug-26,Q3 2026,32,Monday,3,0,LOW,  STOCK UP - Peak Month,2026-08,1,National,03-08-2026,122,64.31424621,Premium,1,FALSE,FALSE,At Risk,231,-140,1,FALSE
04-08-2026,655689,39192,1272186,8,Aug-26,Q3 2026,32,Tuesday,4,0,LOW,  STOCK UP - Peak Month,2026-08,1,National,04-08-2026,123,41.69225633,Low,1,FALSE,FALSE,At Risk,231,-141,1,FALSE
05-08-2026,659978,43480,1276477,8,Aug-26,Q3 2026,32,Wednesday,5,0,LOW,  STOCK UP - Peak Month,2026-08,1,National,05-08-2026,124,36.02507327,Very Low,1,FALSE,FALSE,At Risk,232,-142,1,FALSE
06-08-2026,664054,47555,1280554,8,Aug-26,Q3 2026,32,Thursday,6,0,LOW,  STOCK UP - Peak Month,2026-08,1,National,06-08-2026,125,59.02594955,Premium,1,FALSE,FALSE,At Risk,235,-143,1,FALSE
07-08-2026,667456,50956,1283955,8,Aug-26,Q3 2026,32,Friday,7,0,LOW,  STOCK UP - Peak Month,2026-08,1,National,07-08-2026,126,64.84374968,Premium,1,FALSE,FALSE,At Risk,235,-144,1,FALSE
08-08-2026,669835,53335,1286335,8,Aug-26,Q3 2026,32,Saturday,8,1,LOW,  STOCK UP - Peak Month,2026-08,1,National,08-08-2026,127,64.85011389,Premium,1,FALSE,FALSE,At Risk,235,-145,1,FALSE
09-08-2026,670990,54490,1287491,8,Aug-26,Q3 2026,32,Sunday,9,1,LOW,  STOCK UP - Peak Month,2026-08,1,National,09-08-2026,128,40.94446739,Very Low,1,TRUE,TRUE,At Risk,235,-146,1,TRUE
10-08-2026,670877,54375,1287379,8,Aug-26,Q3 2026,33,Monday,10,0,LOW,  STOCK UP - Peak Month,2026-08,1,National,10-08-2026,129,53.37222694,High,1,TRUE,TRUE,At Risk,235,-147,1,TRUE
11-08-2026,669603,53099,1286106,8,Aug-26,Q3 2026,33,Tuesday,11,0,LOW,  STOCK UP - Peak Month,2026-08,1,National,11-08-2026,130,52.81757186,Medium,1,FALSE,FALSE,At Risk,235,-148,1,FALSE
12-08-2026,667402,50896,1283908,8,Aug-26,Q3 2026,33,Wednesday,12,0,LOW,  STOCK UP - Peak Month,2026-08,1,National,12-08-2026,131,48.95025745,Medium,1,FALSE,FALSE,At Risk,235,-149,1,FALSE
13-08-2026,664602,48094,1281109,8,Aug-26,Q3 2026,33,Thursday,13,0,LOW,  STOCK UP - Peak Month,2026-08,1,National,13-08-2026,132,36.11653028,Very Low,1,FALSE,FALSE,At Risk,235,-150,1,FALSE
14-08-2026,661573,45065,1278082,8,Aug-26,Q3 2026,33,Friday,14,0,LOW,  STOCK UP - Peak Month,2026-08,1,National,14-08-2026,133,39.53187413,Very Low,1,FALSE,FALSE,At Risk,234,-151,1,FALSE
15-08-2026,658688,42179,1275196,8,Aug-26,Q3 2026,33,Saturday,15,1,LOW,  STOCK UP - Peak Month,2026-08,1,National,15-08-2026,134,45.47790129,Low,1,FALSE,FALSE,At Risk,231,-152,1,FALSE
16-08-2026,656272,39763,1272780,8,Aug-26,Q3 2026,33,Sunday,16,1,LOW,  STOCK UP - Peak Month,2026-08,1,National,16-08-2026,135,42.83405483,Low,1,FALSE,FALSE,At Risk,231,-153,1,FALSE
17-08-2026,654573,38064,1271082,8,Aug-26,Q3 2026,34,Monday,17,0,LOW,  STOCK UP - Peak Month,2026-08,1,National,17-08-2026,136,52.14680429,Medium,1,FALSE,FALSE,At Risk,231,-154,1,FALSE
18-08-2026,653737,37228,1270246,8,Aug-26,Q3 2026,34,Tuesday,18,0,LOW,  STOCK UP - Peak Month,2026-08,1,National,18-08-2026,137,54.77632886,High,1,FALSE,FALSE,At Risk,231,-155,1,FALSE
19-08-2026,653797,37287,1270307,8,Aug-26,Q3 2026,34,Wednesday,19,0,LOW,  STOCK UP - Peak Month,2026-08,1,National,19-08-2026,138,56.82810046,High,1,FALSE,FALSE,At Risk,231,-156,1,FALSE
20-08-2026,654680,38169,1271191,8,Aug-26,Q3 2026,34,Thursday,20,0,LOW,  STOCK UP - Peak Month,2026-08,1,National,20-08-2026,139,47.51522313,Medium,1,FALSE,FALSE,At Risk,231,-157,1,FALSE
21-08-2026,656221,39710,1272733,8,Aug-26,Q3 2026,34,Friday,21,0,LOW,  STOCK UP - Peak Month,2026-08,1,National,21-08-2026,140,62.1535298,Premium,1,FALSE,FALSE,At Risk,231,-158,1,FALSE
22-08-2026,658192,41680,1274705,8,Aug-26,Q3 2026,34,Saturday,22,1,LOW,  STOCK UP - Peak Month,2026-08,1,National,22-08-2026,141,37.17027475,Very Low,1,FALSE,FALSE,At Risk,231,-159,1,FALSE
23-08-2026,660330,43817,1276843,8,Aug-26,Q3 2026,34,Sunday,23,1,LOW,  STOCK UP - Peak Month,2026-08,1,National,23-08-2026,142,52.39813767,Medium,1,FALSE,FALSE,At Risk,232,-160,1,FALSE
24-08-2026,662373,45860,1278886,8,Aug-26,Q3 2026,35,Monday,24,0,LOW,  STOCK UP - Peak Month,2026-08,1,National,24-08-2026,143,54.3355129,High,1,FALSE,FALSE,At Risk,234,-161,1,FALSE
25-08-2026,664089,47576,1280602,8,Aug-26,Q3 2026,35,Tuesday,25,0,LOW,  STOCK UP - Peak Month,2026-08,1,National,25-08-2026,144,42.33785486,Low,1,FALSE,FALSE,At Risk,235,-162,1,FALSE
26-08-2026,665302,48789,1281815,8,Aug-26,Q3 2026,35,Wednesday,26,0,LOW,  STOCK UP - Peak Month,2026-08,1,National,26-08-2026,145,43.06929034,Low,1,FALSE,FALSE,At Risk,235,-163,1,FALSE
27-08-2026,665907,49393,1282420,8,Aug-26,Q3 2026,35,Thursday,27,0,LOW,  STOCK UP - Peak Month,2026-08,1,National,27-08-2026,146,64.00828833,Premium,1,FALSE,FALSE,At Risk,235,-164,1,FALSE
28-08-2026,665878,49364,1282392,8,Aug-26,Q3 2026,35,Friday,28,0,LOW,  STOCK UP - Peak Month,2026-08,1,National,28-08-2026,147,49.94037479,Medium,1,FALSE,FALSE,Loyal Customers,335,-165,1,FALSE
29-08-2026,665267,48752,1281781,8,Aug-26,Q3 2026,35,Saturday,29,1,LOW,  STOCK UP - Peak Month,2026-08,1,National,29-08-2026,148,51.24383539,Medium,1,FALSE,FALSE,Loyal Customers,335,-166,1,FALSE
30-08-2026,664187,47672,1280702,8,Aug-26,Q3 2026,35,Sunday,30,1,LOW,  STOCK UP - Peak Month,2026-08,1,National,30-08-2026,149,53.67541632,High,1,FALSE,FALSE,Loyal Customers,335,-167,1,FALSE
31-08-2026,662800,46285,1279315,8,Aug-26,Q3 2026,36,Monday,31,0,LOW,  STOCK UP - Peak Month,2026-08,1,National,31-08-2026,150,62.1482718,Premium,1,FALSE,FALSE,Loyal Customers,334,-168,1,FALSE
01-09-2026,661291,44775,1277806,9,Sep-26,Q3 2026,36,Tuesday,1,0,LOW,  MAINTAIN - Normal,2026-09,1,National,01-09-2026,151,41.8012695,Low,1,FALSE,FALSE,Loyal Customers,334,-169,1,FALSE
02-09-2026,659844,43329,1276360,9,Sep-26,Q3 2026,36,Wednesday,2,0,LOW,  MAINTAIN - Normal,2026-09,1,National,02-09-2026,152,59.76623814,Premium,1,FALSE,FALSE,Loyal Customers,332,-170,1,FALSE
03-09-2026,658626,42110,1275141,9,Sep-26,Q3 2026,36,Thursday,3,0,LOW,  MAINTAIN - Normal,2026-09,1,National,03-09-2026,153,53.22837044,Medium,1,FALSE,FALSE,Loyal Customers,331,-171,1,FALSE
04-09-2026,657760,41245,1274276,9,Sep-26,Q3 2026,36,Friday,4,0,LOW,  MAINTAIN - Normal,2026-09,1,National,04-09-2026,154,58.21754914,High,1,FALSE,FALSE,Loyal Customers,331,-172,1,FALSE
05-09-2026,657323,40808,1273839,9,Sep-26,Q3 2026,36,Saturday,5,1,LOW,  MAINTAIN - Normal,2026-09,1,National,05-09-2026,155,54.16015377,High,1,FALSE,FALSE,Loyal Customers,331,-173,1,FALSE
06-09-2026,657333,40818,1273849,9,Sep-26,Q3 2026,36,Sunday,6,1,LOW,  MAINTAIN - Normal,2026-09,1,National,06-09-2026,156,57.86467378,High,1,FALSE,FALSE,Loyal Customers,331,-174,1,FALSE
07-09-2026,657757,41241,1274273,9,Sep-26,Q3 2026,37,Monday,7,0,LOW,  MAINTAIN - Normal,2026-09,1,National,07-09-2026,157,56.03221703,High,1,FALSE,FALSE,Loyal Customers,331,-175,1,FALSE
08-09-2026,658513,41997,1275029,9,Sep-26,Q3 2026,37,Tuesday,8,0,LOW,  MAINTAIN - Normal,2026-09,1,National,08-09-2026,158,42.60179188,Low,1,FALSE,FALSE,Loyal Customers,331,-176,1,FALSE
09-09-2026,659489,42972,1276005,9,Sep-26,Q3 2026,37,Wednesday,9,0,LOW,  MAINTAIN - Normal,2026-09,1,National,09-09-2026,159,54.88119113,High,1,FALSE,FALSE,Loyal Customers,332,-177,1,FALSE
10-09-2026,660554,44038,1277071,9,Sep-26,Q3 2026,37,Thursday,10,0,LOW,  MAINTAIN - Normal,2026-09,1,National,10-09-2026,160,49.34117716,Medium,1,FALSE,FALSE,Loyal Customers,332,-178,1,FALSE
11-09-2026,661578,45061,1278094,9,Sep-26,Q3 2026,37,Friday,11,0,LOW,  MAINTAIN - Normal,2026-09,1,National,11-09-2026,161,35.75619829,Very Low,1,FALSE,FALSE,Loyal Customers,334,-179,1,FALSE
12-09-2026,662443,45927,1278960,9,Sep-26,Q3 2026,37,Saturday,12,1,LOW,  MAINTAIN - Normal,2026-09,1,National,12-09-2026,162,59.16950671,Premium,1,FALSE,FALSE,Loyal Customers,334,-180,1,FALSE
13-09-2026,663061,46544,1279577,9,Sep-26,Q3 2026,37,Sunday,13,1,LOW,  MAINTAIN - Normal,2026-09,1,National,13-09-2026,163,63.68894075,Premium,1,FALSE,FALSE,Loyal Customers,334,-181,1,FALSE
14-09-2026,663377,46860,1279893,9,Sep-26,Q3 2026,38,Monday,14,0,LOW,  MAINTAIN - Normal,2026-09,1,National,14-09-2026,164,52.48015457,Medium,1,FALSE,FALSE,Loyal Customers,335,-182,1,FALSE
15-09-2026,663377,46860,1279893,9,Sep-26,Q3 2026,38,Tuesday,15,0,LOW,  MAINTAIN - Normal,2026-09,1,National,15-09-2026,165,63.15912969,Premium,1,FALSE,FALSE,Loyal Customers,335,-183,1,FALSE
16-09-2026,663084,46567,1279601,9,Sep-26,Q3 2026,38,Wednesday,16,0,LOW,  MAINTAIN - Normal,2026-09,1,National,16-09-2026,166,64.21156081,Premium,1,FALSE,FALSE,Loyal Customers,334,-184,1,FALSE
17-09-2026,662554,46037,1279071,9,Sep-26,Q3 2026,38,Thursday,17,0,LOW,  MAINTAIN - Normal,2026-09,1,National,17-09-2026,167,40.63393529,Very Low,1,FALSE,FALSE,Loyal Customers,334,-185,1,FALSE
18-09-2026,661868,45350,1278385,9,Sep-26,Q3 2026,38,Friday,18,0,LOW,  MAINTAIN - Normal,2026-09,1,National,18-09-2026,168,56.10012893,High,1,FALSE,FALSE,Loyal Customers,334,-186,1,FALSE
19-09-2026,661115,44598,1277633,9,Sep-26,Q3 2026,38,Saturday,19,1,LOW,  MAINTAIN - Normal,2026-09,1,National,19-09-2026,169,41.65560189,Low,1,FALSE,FALSE,Loyal Customers,334,-187,1,FALSE
20-09-2026,660391,43874,1276908,9,Sep-26,Q3 2026,38,Sunday,20,1,LOW,  MAINTAIN - Normal,2026-09,1,National,20-09-2026,170,59.12371735,Premium,1,FALSE,FALSE,Loyal Customers,332,-188,1,FALSE
21-09-2026,659776,43259,1276294,9,Sep-26,Q3 2026,39,Monday,21,0,LOW,  MAINTAIN - Normal,2026-09,1,National,21-09-2026,171,59.44037472,Premium,1,FALSE,FALSE,Loyal Customers,332,-189,1,FALSE
22-09-2026,659336,42819,1275853,9,Sep-26,Q3 2026,39,Tuesday,22,0,LOW,  MAINTAIN - Normal,2026-09,1,National,22-09-2026,172,45.64511799,Low,1,FALSE,FALSE,Loyal Customers,332,-190,1,FALSE
23-09-2026,659108,42591,1275625,9,Sep-26,Q3 2026,39,Wednesday,23,0,LOW,  MAINTAIN - Normal,2026-09,1,National,23-09-2026,173,51.96743011,Medium,1,FALSE,FALSE,Loyal Customers,332,-191,1,FALSE
24-09-2026,659103,42586,1275620,9,Sep-26,Q3 2026,39,Thursday,24,0,LOW,  MAINTAIN - Normal,2026-09,1,National,24-09-2026,174,56.23549474,High,1,FALSE,FALSE,Loyal Customers,332,-192,1,FALSE
25-09-2026,659305,42788,1275823,9,Sep-26,Q3 2026,39,Friday,25,0,LOW,  MAINTAIN - Normal,2026-09,1,National,25-09-2026,175,36.36699564,Very Low,1,FALSE,FALSE,Loyal Customers,332,-193,1,FALSE
26-09-2026,659676,43159,1276193,9,Sep-26,Q3 2026,39,Saturday,26,1,LOW,  MAINTAIN - Normal,2026-09,1,National,26-09-2026,176,48.2493301,Medium,1,FALSE,FALSE,Loyal Customers,332,-194,1,FALSE
27-09-2026,660159,43642,1276677,9,Sep-26,Q3 2026,39,Sunday,27,1,LOW,  MAINTAIN - Normal,2026-09,1,National,27-09-2026,177,59.44729803,Premium,1,FALSE,FALSE,Loyal Customers,332,-195,1,FALSE
28-09-2026,660690,44173,1277207,9,Sep-26,Q3 2026,40,Monday,28,0,LOW,  MAINTAIN - Normal,2026-09,1,National,28-09-2026,178,41.60927597,Low,1,FALSE,FALSE,Loyal Customers,332,-196,1,FALSE
29-09-2026,661203,44685,1277720,9,Sep-26,Q3 2026,40,Tuesday,29,0,LOW,  MAINTAIN - Normal,2026-09,1,National,29-09-2026,179,45.24671878,Low,1,FALSE,FALSE,Loyal Customers,334,-197,1,FALSE
30-09-2026,661639,45122,1278156,9,Sep-26,Q3 2026,40,Wednesday,30,0,LOW,  MAINTAIN - Normal,2026-09,1,National,30-09-2026,180,41.30864874,Very Low,1,FALSE,FALSE,Loyal Customers,334,-198,1,FALSE
01-10-2026,661953,45436,1278471,10,Oct-26,Q4 2026,40,Thursday,1,0,LOW,  MAINTAIN - Normal,2026-10,1,National,01-10-2026,181,63.34462528,Premium,1,FALSE,FALSE,Loyal Customers,334,-199,1,FALSE
02-10-2026,662118,45601,1278635,10,Oct-26,Q4 2026,40,Friday,2,0,LOW,  MAINTAIN - Normal,2026-10,1,National,02-10-2026,182,43.38944552,Low,1,FALSE,FALSE,Loyal Customers,334,-200,1,FALSE
03-10-2026,662125,45608,1278642,10,Oct-26,Q4 2026,40,Saturday,3,1,LOW,  MAINTAIN - Normal,2026-10,1,National,03-10-2026,183,41.41748508,Low,1,FALSE,FALSE,Loyal Customers,334,-201,1,FALSE
04-10-2026,661985,45468,1278503,10,Oct-26,Q4 2026,40,Sunday,4,1,LOW,  MAINTAIN - Normal,2026-10,1,National,04-10-2026,184,53.47212017,High,1,FALSE,FALSE,Loyal Customers,334,-202,1,FALSE
05-10-2026,661726,45208,1278243,10,Oct-26,Q4 2026,41,Monday,5,0,LOW,  MAINTAIN - Normal,2026-10,1,National,05-10-2026,185,54.40625798,High,1,FALSE,FALSE,Loyal Customers,334,-203,1,FALSE
06-10-2026,661386,44868,1277903,10,Oct-26,Q4 2026,41,Tuesday,6,0,LOW,  MAINTAIN - Normal,2026-10,1,National,06-10-2026,186,61.83372772,Premium,1,FALSE,FALSE,Loyal Customers,334,-204,1,FALSE
07-10-2026,661011,44494,1277529,10,Oct-26,Q4 2026,41,Wednesday,7,0,LOW,  MAINTAIN - Normal,2026-10,1,National,07-10-2026,187,59.01914863,Premium,1,FALSE,FALSE,Loyal Customers,334,-205,1,FALSE
08-10-2026,660648,44131,1277166,10,Oct-26,Q4 2026,41,Thursday,8,0,LOW,  MAINTAIN - Normal,2026-10,1,National,08-10-2026,188,52.59612475,Medium,1,FALSE,FALSE,Loyal Customers,332,-206,1,FALSE
09-10-2026,660338,43821,1276856,10,Oct-26,Q4 2026,41,Friday,9,0,LOW,  MAINTAIN - Normal,2026-10,1,National,09-10-2026,189,64.27362666,Premium,1,FALSE,FALSE,Loyal Customers,332,-207,1,FALSE
10-10-2026,660114,43597,1276632,10,Oct-26,Q4 2026,41,Saturday,10,1,LOW,  MAINTAIN - Normal,2026-10,1,National,10-10-2026,190,64.32440104,Premium,1,FALSE,FALSE,Loyal Customers,332,-208,1,FALSE
11-10-2026,659995,43478,1276513,10,Oct-26,Q4 2026,41,Sunday,11,1,LOW,  MAINTAIN - Normal,2026-10,1,National,11-10-2026,191,54.90790792,High,1,FALSE,FALSE,Loyal Customers,332,-209,1,FALSE
12-10-2026,659988,43470,1276506,10,Oct-26,Q4 2026,42,Monday,12,0,LOW,  MAINTAIN - Normal,2026-10,1,National,12-10-2026,192,58.02501111,High,1,FALSE,FALSE,Loyal Customers,332,-210,1,FALSE
13-10-2026,660085,43567,1276602,10,Oct-26,Q4 2026,42,Tuesday,13,0,LOW,  MAINTAIN - Normal,2026-10,1,National,13-10-2026,193,48.15084603,Medium,1,FALSE,FALSE,Loyal Customers,332,-211,1,FALSE
14-10-2026,660266,43749,1276784,10,Oct-26,Q4 2026,42,Wednesday,14,0,LOW,  MAINTAIN - Normal,2026-10,1,National,14-10-2026,194,35.25319381,Very Low,1,FALSE,FALSE,Loyal Customers,332,-212,1,FALSE
15-10-2026,660505,43988,1277023,10,Oct-26,Q4 2026,42,Thursday,15,0,LOW,  MAINTAIN - Normal,2026-10,1,National,15-10-2026,195,50.31229575,Medium,1,FALSE,FALSE,Loyal Customers,332,-213,1,FALSE
16-10-2026,660770,44252,1277287,10,Oct-26,Q4 2026,42,Friday,16,0,LOW,  MAINTAIN - Normal,2026-10,1,National,16-10-2026,196,62.25488552,Premium,1,FALSE,FALSE,Loyal Customers,332,-214,1,FALSE
17-10-2026,661027,44509,1277544,10,Oct-26,Q4 2026,42,Saturday,17,1,LOW,  MAINTAIN - Normal,2026-10,1,National,17-10-2026,197,59.44896008,Premium,1,FALSE,FALSE,Loyal Customers,334,-215,1,FALSE
18-10-2026,661246,44729,1277764,10,Oct-26,Q4 2026,42,Sunday,18,1,LOW,  MAINTAIN - Normal,2026-10,1,National,18-10-2026,198,59.05993993,Premium,1,FALSE,FALSE,Loyal Customers,334,-216,1,FALSE
19-10-2026,661406,44889,1277924,10,Oct-26,Q4 2026,43,Monday,19,0,LOW,  MAINTAIN - Normal,2026-10,1,National,19-10-2026,199,57.15097918,High,1,FALSE,FALSE,Loyal Customers,334,-217,1,FALSE
20-10-2026,661492,44974,1278010,10,Oct-26,Q4 2026,43,Tuesday,20,0,LOW,  MAINTAIN - Normal,2026-10,1,National,20-10-2026,200,57.2732125,High,1,FALSE,FALSE,Loyal Customers,334,-218,1,FALSE
21-10-2026,661499,44981,1278017,10,Oct-26,Q4 2026,43,Wednesday,21,0,LOW,  MAINTAIN - Normal,2026-10,1,National,21-10-2026,201,53.01701563,Medium,1,FALSE,FALSE,Loyal Customers,334,-219,1,FALSE
22-10-2026,661432,44915,1277950,10,Oct-26,Q4 2026,43,Thursday,22,0,LOW,  MAINTAIN - Normal,2026-10,1,National,22-10-2026,202,55.92032811,High,1,FALSE,FALSE,Loyal Customers,334,-220,1,FALSE
23-10-2026,661305,44788,1277823,10,Oct-26,Q4 2026,43,Friday,23,0,LOW,  MAINTAIN - Normal,2026-10,1,National,23-10-2026,203,63.56099882,Premium,1,FALSE,FALSE,Loyal Customers,334,-221,1,FALSE
24-10-2026,661137,44619,1277655,10,Oct-26,Q4 2026,43,Saturday,24,1,LOW,  MAINTAIN - Normal,2026-10,1,National,24-10-2026,204,47.28958807,Medium,1,FALSE,FALSE,Loyal Customers,334,-222,1,FALSE
25-10-2026,660950,44433,1277468,10,Oct-26,Q4 2026,43,Sunday,25,1,LOW,  MAINTAIN - Normal,2026-10,1,National,25-10-2026,205,49.98641071,Medium,1,FALSE,FALSE,Loyal Customers,334,-223,1,FALSE
26-10-2026,660769,44251,1277286,10,Oct-26,Q4 2026,44,Monday,26,0,LOW,  MAINTAIN - Normal,2026-10,1,National,26-10-2026,206,64.96547542,Premium,1,FALSE,FALSE,Loyal Customers,332,-224,1,FALSE
27-10-2026,660613,44095,1277130,10,Oct-26,Q4 2026,44,Tuesday,27,0,LOW,  MAINTAIN - Normal,2026-10,1,National,27-10-2026,207,61.96118885,Premium,1,FALSE,FALSE,Loyal Customers,332,-225,1,FALSE
28-10-2026,660499,43981,1277016,10,Oct-26,Q4 2026,44,Wednesday,28,0,LOW,  MAINTAIN - Normal,2026-10,1,National,28-10-2026,208,46.99427895,Medium,1,FALSE,FALSE,Loyal Customers,332,-226,1,FALSE
29-10-2026,660437,43919,1276955,10,Oct-26,Q4 2026,44,Thursday,29,0,LOW,  MAINTAIN - Normal,2026-10,1,National,29-10-2026,209,56.15453771,High,1,FALSE,FALSE,Loyal Customers,332,-227,1,FALSE
30-10-2026,660431,43913,1276948,10,Oct-26,Q4 2026,44,Friday,30,0,LOW,  MAINTAIN - Normal,2026-10,1,National,30-10-2026,210,62.17543236,Premium,1,FALSE,FALSE,Loyal Customers,332,-228,1,FALSE
31-10-2026,660477,43959,1276994,10,Oct-26,Q4 2026,44,Saturday,31,1,LOW,  MAINTAIN - Normal,2026-10,1,National,31-10-2026,211,41.62348529,Low,1,FALSE,FALSE,Loyal Customers,332,-229,1,FALSE
01-11-2026,660566,44048,1277083,11,Nov-26,Q4 2026,44,Sunday,1,1,LOW,  MAINTAIN - Normal,2026-11,1,National,01-11-2026,212,35.99995301,Very Low,1,FALSE,FALSE,Loyal Customers,332,-230,1,FALSE
02-11-2026,660684,44166,1277202,11,Nov-26,Q4 2026,45,Monday,2,0,LOW,  MAINTAIN - Normal,2026-11,1,National,02-11-2026,213,60.99962451,Premium,1,FALSE,FALSE,Loyal Customers,332,-231,1,FALSE
03-11-2026,660816,44298,1277333,11,Nov-26,Q4 2026,45,Tuesday,3,0,LOW,  MAINTAIN - Normal,2026-11,1,National,03-11-2026,214,36.69551054,Very Low,1,FALSE,FALSE,Loyal Customers,332,-232,1,FALSE
04-11-2026,660944,44427,1277462,11,Nov-26,Q4 2026,45,Wednesday,4,0,LOW,  MAINTAIN - Normal,2026-11,1,National,04-11-2026,215,61.26064651,Premium,1,FALSE,FALSE,Loyal Customers,334,-233,1,FALSE
05-11-2026,661055,44537,1277573,11,Nov-26,Q4 2026,45,Thursday,5,0,LOW,  MAINTAIN - Normal,2026-11,1,National,05-11-2026,216,63.59375087,Premium,1,FALSE,FALSE,Loyal Customers,334,-234,1,FALSE
06-11-2026,661136,44619,1277654,11,Nov-26,Q4 2026,45,Friday,6,0,LOW,  MAINTAIN - Normal,2026-11,1,National,06-11-2026,217,43.38778181,Low,1,FALSE,FALSE,Loyal Customers,334,-235,1,FALSE
07-11-2026,661181,44663,1277698,11,Nov-26,Q4 2026,45,Saturday,7,1,LOW,  MAINTAIN - Normal,2026-11,1,National,07-11-2026,218,56.70149862,High,1,FALSE,FALSE,Loyal Customers,334,-236,1,FALSE
08-11-2026,661186,44668,1277704,11,Nov-26,Q4 2026,45,Sunday,8,1,LOW,  MAINTAIN - Normal,2026-11,1,National,08-11-2026,219,54.50206766,High,1,FALSE,FALSE,Loyal Customers,334,-237,1,FALSE
09-11-2026,661154,44637,1277672,11,Nov-26,Q4 2026,46,Monday,9,0,LOW,  MAINTAIN - Normal,2026-11,1,National,09-11-2026,220,49.89494625,Medium,1,FALSE,FALSE,Loyal Customers,434,-238,1,FALSE
10-11-2026,661092,44574,1277610,11,Nov-26,Q4 2026,46,Tuesday,10,0,LOW,  MAINTAIN - Normal,2026-11,1,National,10-11-2026,221,57.97801124,High,1,FALSE,FALSE,Loyal Customers,434,-239,1,FALSE
11-11-2026,661009,44491,1277527,11,Nov-26,Q4 2026,46,Wednesday,11,0,LOW,  MAINTAIN - Normal,2026-11,1,National,11-11-2026,222,38.68727738,Very Low,1,FALSE,FALSE,Loyal Customers,434,-240,1,FALSE
12-11-2026,660916,44398,1277434,11,Nov-26,Q4 2026,46,Thursday,12,0,LOW,  MAINTAIN - Normal,2026-11,1,National,12-11-2026,223,53.86290116,High,1,FALSE,FALSE,Loyal Customers,434,-241,1,FALSE
13-11-2026,660825,44307,1277343,11,Nov-26,Q4 2026,46,Friday,13,0,LOW,  MAINTAIN - Normal,2026-11,1,National,13-11-2026,224,56.61842634,High,1,FALSE,FALSE,Loyal Customers,432,-242,1,FALSE
14-11-2026,660746,44229,1277264,11,Nov-26,Q4 2026,46,Saturday,14,1,LOW,  MAINTAIN - Normal,2026-11,1,National,14-11-2026,225,47.58957075,Medium,1,FALSE,FALSE,Loyal Customers,432,-243,1,FALSE
15-11-2026,660688,44171,1277206,11,Nov-26,Q4 2026,46,Sunday,15,1,LOW,  MAINTAIN - Normal,2026-11,1,National,15-11-2026,226,62.07082439,Premium,1,FALSE,FALSE,Loyal Customers,432,-244,1,FALSE
16-11-2026,660656,44139,1277174,11,Nov-26,Q4 2026,47,Monday,16,0,LOW,  MAINTAIN - Normal,2026-11,1,National,16-11-2026,227,41.11039882,Very Low,1,FALSE,FALSE,Loyal Customers,432,-245,1,FALSE
17-11-2026,660652,44134,1277170,11,Nov-26,Q4 2026,47,Tuesday,17,0,LOW,  MAINTAIN - Normal,2026-11,1,National,17-11-2026,228,41.15151719,Very Low,1,FALSE,FALSE,Loyal Customers,432,-246,1,FALSE
18-11-2026,660674,44156,1277192,11,Nov-26,Q4 2026,47,Wednesday,18,0,LOW,  MAINTAIN - Normal,2026-11,1,National,18-11-2026,229,37.64128309,Very Low,1,FALSE,FALSE,Loyal Customers,432,-247,1,FALSE
19-11-2026,660717,44200,1277235,11,Nov-26,Q4 2026,47,Thursday,19,0,LOW,  MAINTAIN - Normal,2026-11,1,National,19-11-2026,230,35.2661725,Very Low,1,FALSE,FALSE,Loyal Customers,432,-248,1,FALSE
20-11-2026,660776,44258,1277294,11,Nov-26,Q4 2026,47,Friday,20,0,LOW,  MAINTAIN - Normal,2026-11,1,National,20-11-2026,231,43.49130871,Low,1,FALSE,FALSE,Loyal Customers,432,-249,1,FALSE
21-11-2026,660841,44324,1277359,11,Nov-26,Q4 2026,47,Saturday,21,1,LOW,  MAINTAIN - Normal,2026-11,1,National,21-11-2026,232,37.09216933,Very Low,1,FALSE,FALSE,Loyal Customers,432,-250,1,FALSE
22-11-2026,660906,44388,1277423,11,Nov-26,Q4 2026,47,Sunday,22,1,LOW,  MAINTAIN - Normal,2026-11,1,National,22-11-2026,233,53.18037717,Medium,1,FALSE,FALSE,Loyal Customers,434,-251,1,FALSE
23-11-2026,660962,44444,1277479,11,Nov-26,Q4 2026,48,Monday,23,0,LOW,  MAINTAIN - Normal,2026-11,1,National,23-11-2026,234,57.83242631,High,1,FALSE,FALSE,Loyal Customers,434,-252,1,FALSE
24-11-2026,661003,44485,1277521,11,Nov-26,Q4 2026,48,Tuesday,24,0,LOW,  MAINTAIN - Normal,2026-11,1,National,24-11-2026,235,43.68596971,Low,1,FALSE,FALSE,Loyal Customers,434,-253,1,FALSE
25-11-2026,661026,44508,1277544,11,Nov-26,Q4 2026,48,Wednesday,25,0,LOW,  MAINTAIN - Normal,2026-11,1,National,25-11-2026,236,58.31424174,High,1,FALSE,FALSE,Loyal Customers,434,-254,1,FALSE
26-11-2026,661029,44512,1277547,11,Nov-26,Q4 2026,48,Thursday,26,0,LOW,  MAINTAIN - Normal,2026-11,1,National,26-11-2026,237,43.5419222,Low,1,FALSE,FALSE,Loyal Customers,434,-255,1,FALSE
27-11-2026,661014,44497,1277532,11,Nov-26,Q4 2026,48,Friday,27,0,LOW,  MAINTAIN - Normal,2026-11,1,National,27-11-2026,238,51.88068945,Medium,1,FALSE,FALSE,Loyal Customers,434,-256,1,FALSE
28-11-2026,660984,44466,1277502,11,Nov-26,Q4 2026,48,Saturday,28,1,LOW,  MAINTAIN - Normal,2026-11,1,National,28-11-2026,239,56.34193373,High,1,FALSE,FALSE,Loyal Customers,434,-257,1,FALSE
29-11-2026,660943,44425,1277461,11,Nov-26,Q4 2026,48,Sunday,29,1,LOW,  MAINTAIN - Normal,2026-11,1,National,29-11-2026,240,36.19869812,Very Low,1,FALSE,FALSE,Loyal Customers,434,-258,1,FALSE
30-11-2026,660897,44379,1277414,11,Nov-26,Q4 2026,49,Monday,30,0,LOW,  MAINTAIN - Normal,2026-11,1,National,30-11-2026,241,60.03757333,Premium,1,FALSE,FALSE,Loyal Customers,434,-259,1,FALSE
01-12-2026,660851,44333,1277369,12,Dec-26,Q4 2026,49,Tuesday,1,0,LOW,  MAINTAIN - Normal,2026-12,1,National,01-12-2026,242,47.11024345,Medium,1,FALSE,FALSE,Loyal Customers,432,-260,1,FALSE
02-12-2026,660812,44294,1277329,12,Dec-26,Q4 2026,49,Wednesday,2,0,LOW,  MAINTAIN - Normal,2026-12,1,National,02-12-2026,243,35.63545723,Very Low,1,FALSE,FALSE,Loyal Customers,432,-261,1,FALSE
03-12-2026,660782,44264,1277300,12,Dec-26,Q4 2026,49,Thursday,3,0,LOW,  MAINTAIN - Normal,2026-12,1,National,03-12-2026,244,61.63972884,Premium,1,FALSE,FALSE,Loyal Customers,432,-262,1,FALSE
04-12-2026,660765,44248,1277283,12,Dec-26,Q4 2026,49,Friday,4,0,LOW,  MAINTAIN - Normal,2026-12,1,National,04-12-2026,245,38.94316778,Very Low,1,FALSE,FALSE,Loyal Customers,432,-263,1,FALSE
05-12-2026,660763,44245,1277280,12,Dec-26,Q4 2026,49,Saturday,5,1,LOW,  MAINTAIN - Normal,2026-12,1,National,05-12-2026,246,43.25155194,Low,1,FALSE,FALSE,Loyal Customers,432,-264,1,FALSE
06-12-2026,660773,44255,1277291,12,Dec-26,Q4 2026,49,Sunday,6,1,LOW,  MAINTAIN - Normal,2026-12,1,National,06-12-2026,247,35.82165673,Very Low,1,FALSE,FALSE,Loyal Customers,432,-265,1,FALSE
07-12-2026,660794,44277,1277312,12,Dec-26,Q4 2026,50,Monday,7,0,LOW,  MAINTAIN - Normal,2026-12,1,National,07-12-2026,248,38.4428524,Very Low,1,FALSE,FALSE,Loyal Customers,432,-266,1,FALSE
08-12-2026,660823,44306,1277341,12,Dec-26,Q4 2026,50,Tuesday,8,0,LOW,  MAINTAIN - Normal,2026-12,1,National,08-12-2026,249,42.30666238,Low,1,FALSE,FALSE,Loyal Customers,432,-267,1,FALSE
09-12-2026,660856,44338,1277374,12,Dec-26,Q4 2026,50,Wednesday,9,0,LOW,  MAINTAIN - Normal,2026-12,1,National,09-12-2026,250,62.03240657,Premium,1,FALSE,FALSE,Loyal Customers,432,-268,1,FALSE
10-12-2026,660888,44370,1277406,12,Dec-26,Q4 2026,50,Thursday,10,0,LOW,  MAINTAIN - Normal,2026-12,1,National,10-12-2026,251,54.96306536,High,1,FALSE,FALSE,Loyal Customers,434,-269,1,FALSE
11-12-2026,660916,44398,1277434,12,Dec-26,Q4 2026,50,Friday,11,0,LOW,  MAINTAIN - Normal,2026-12,1,National,11-12-2026,252,37.52504184,Very Low,1,FALSE,FALSE,Loyal Customers,434,-270,1,FALSE
12-12-2026,660937,44419,1277455,12,Dec-26,Q4 2026,50,Saturday,12,1,LOW,  MAINTAIN - Normal,2026-12,1,National,12-12-2026,253,40.75101192,Very Low,1,FALSE,FALSE,Loyal Customers,434,-271,1,FALSE
13-12-2026,660949,44431,1277467,12,Dec-26,Q4 2026,50,Sunday,13,1,LOW,  MAINTAIN - Normal,2026-12,1,National,13-12-2026,254,56.81971587,High,1,FALSE,FALSE,Loyal Customers,434,-272,1,FALSE
14-12-2026,660951,44434,1277469,12,Dec-26,Q4 2026,51,Monday,14,0,LOW,  MAINTAIN - Normal,2026-12,1,National,14-12-2026,255,54.20073044,High,1,FALSE,FALSE,Loyal Customers,434,-273,1,FALSE
15-12-2026,660944,44426,1277462,12,Dec-26,Q4 2026,51,Tuesday,15,0,LOW,  MAINTAIN - Normal,2026-12,1,National,15-12-2026,256,62.79118575,Premium,1,FALSE,FALSE,Loyal Customers,434,-274,1,FALSE
16-12-2026,660929,44412,1277447,12,Dec-26,Q4 2026,51,Wednesday,16,0,LOW,  MAINTAIN - Normal,2026-12,1,National,16-12-2026,257,65.03235126,Premium,1,FALSE,FALSE,Loyal Customers,434,-275,1,FALSE
17-12-2026,660909,44391,1277427,12,Dec-26,Q4 2026,51,Thursday,17,0,LOW,  MAINTAIN - Normal,2026-12,1,National,17-12-2026,258,45.22932104,Low,1,FALSE,FALSE,Loyal Customers,434,-276,1,FALSE
18-12-2026,660886,44368,1277404,12,Dec-26,Q4 2026,51,Friday,18,0,LOW,  MAINTAIN - Normal,2026-12,1,National,18-12-2026,259,55.54520383,High,1,FALSE,FALSE,Loyal Customers,434,-277,1,FALSE
19-12-2026,660863,44345,1277381,12,Dec-26,Q4 2026,51,Saturday,19,1,LOW,  MAINTAIN - Normal,2026-12,1,National,19-12-2026,260,35.08252363,Very Low,1,FALSE,FALSE,Loyal Customers,432,-278,1,FALSE
20-12-2026,660843,44326,1277361,12,Dec-26,Q4 2026,51,Sunday,20,1,LOW,  MAINTAIN - Normal,2026-12,1,National,20-12-2026,261,36.339208,Very Low,1,FALSE,FALSE,Loyal Customers,432,-279,1,FALSE
21-12-2026,660828,44311,1277346,12,Dec-26,Q4 2026,52,Monday,21,0,LOW,  MAINTAIN - Normal,2026-12,1,National,21-12-2026,262,35.34454473,Very Low,1,FALSE,FALSE,Loyal Customers,432,-280,1,FALSE
22-12-2026,660820,44302,1277337,12,Dec-26,Q4 2026,52,Tuesday,22,0,LOW,  MAINTAIN - Normal,2026-12,1,National,22-12-2026,263,59.42914954,Premium,1,FALSE,FALSE,Loyal Customers,432,-281,1,FALSE
23-12-2026,660818,44300,1277336,12,Dec-26,Q4 2026,52,Wednesday,23,0,LOW,  MAINTAIN - Normal,2026-12,1,National,23-12-2026,264,50.55953522,Medium,1,FALSE,FALSE,Loyal Customers,432,-282,1,FALSE
24-12-2026,660823,44305,1277341,12,Dec-26,Q4 2026,52,Thursday,24,0,LOW,  MAINTAIN - Normal,2026-12,1,National,24-12-2026,265,49.48834801,Medium,1,FALSE,FALSE,Loyal Customers,432,-283,1,FALSE
25-12-2026,660833,44316,1277351,12,Dec-26,Q4 2026,52,Friday,25,0,LOW,  MAINTAIN - Normal,2026-12,1,National,25-12-2026,266,37.86099005,Very Low,1,FALSE,FALSE,Loyal Customers,432,-284,1,FALSE
26-12-2026,660848,44330,1277365,12,Dec-26,Q4 2026,52,Saturday,26,1,LOW,  MAINTAIN - Normal,2026-12,1,National,26-12-2026,267,42.51583802,Low,1,FALSE,FALSE,Loyal Customers,432,-285,1,FALSE
27-12-2026,660864,44346,1277381,12,Dec-26,Q4 2026,52,Sunday,27,1,LOW,  MAINTAIN - Normal,2026-12,1,National,27-12-2026,268,37.43015885,Very Low,1,FALSE,FALSE,Loyal Customers,433,-286,1,FALSE
28-12-2026,660880,44362,1277398,12,Dec-26,Q4 2026,53,Monday,28,0,LOW,  MAINTAIN - Normal,2026-12,1,National,28-12-2026,269,45.47217462,Low,1,FALSE,FALSE,Loyal Customers,433,-287,1,FALSE
29-12-2026,660894,44376,1277412,12,Dec-26,Q4 2026,53,Tuesday,29,0,LOW,  MAINTAIN - Normal,2026-12,1,National,29-12-2026,270,41.57933466,Low,1,FALSE,FALSE,Loyal Customers,434,-288,1,FALSE
30-12-2026,660905,44387,1277422,12,Dec-26,Q4 2026,53,Wednesday,30,0,LOW,  MAINTAIN - Normal,2026-12,1,National,30-12-2026,271,58.84681091,High,1,FALSE,FALSE,Loyal Customers,434,-289,1,FALSE
31-12-2026,660911,44393,1277429,12,Dec-26,Q4 2026,53,Thursday,31,0,LOW,  MAINTAIN - Normal,2026-12,1,National,31-12-2026,272,52.1801476,Medium,1,FALSE,FALSE,Loyal Customers,434,-290,1,FALSE
01-01-2027,660912,44394,1277430,1,Jan-27,Q1 2027,53,Friday,1,0,LOW,  MAINTAIN - Normal,2027-01,1,National,01-01-2027,273,42.2043308,Low,1,FALSE,FALSE,Loyal Customers,434,-291,1,FALSE
02-01-2027,660909,44391,1277426,1,Jan-27,Q1 2027,53,Saturday,2,1,LOW,  MAINTAIN - Normal,2027-01,1,National,02-01-2027,274,50.29393215,Medium,1,FALSE,FALSE,Loyal Customers,434,-292,1,FALSE
03-01-2027,660902,44384,1277419,1,Jan-27,Q1 2027,53,Sunday,3,1,LOW,  MAINTAIN - Normal,2027-01,1,National,03-01-2027,275,60.33536925,Premium,1,FALSE,FALSE,Loyal Customers,434,-293,1,FALSE
04-01-2027,660892,44374,1277409,1,Jan-27,Q1 2027,1,Monday,4,0,LOW,  MAINTAIN - Normal,2027-01,1,National,04-01-2027,276,51.85965463,Medium,1,FALSE,FALSE,Loyal Customers,434,-294,1,FALSE
05-01-2027,660880,44362,1277398,1,Jan-27,Q1 2027,1,Tuesday,5,0,LOW,  MAINTAIN - Normal,2027-01,1,National,05-01-2027,277,45.14152221,Low,1,FALSE,FALSE,Loyal Customers,433,-295,1,FALSE
06-01-2027,660869,44351,1277386,1,Jan-27,Q1 2027,1,Wednesday,6,0,LOW,  MAINTAIN - Normal,2027-01,1,National,06-01-2027,278,39.69866203,Very Low,1,FALSE,FALSE,Loyal Customers,433,-296,1,FALSE
07-01-2027,660859,44341,1277376,1,Jan-27,Q1 2027,1,Thursday,7,0,LOW,  MAINTAIN - Normal,2027-01,1,National,07-01-2027,279,45.39105694,Low,1,FALSE,FALSE,Loyal Customers,432,-297,1,FALSE
08-01-2027,660851,44333,1277369,1,Jan-27,Q1 2027,1,Friday,8,0,LOW,  MAINTAIN - Normal,2027-01,1,National,08-01-2027,280,60.29769185,Premium,1,FALSE,FALSE,Loyal Customers,432,-298,1,FALSE
09-01-2027,660847,44329,1277364,1,Jan-27,Q1 2027,1,Saturday,9,1,LOW,  MAINTAIN - Normal,2027-01,1,National,09-01-2027,281,57.06140227,High,1,FALSE,FALSE,Loyal Customers,432,-299,1,FALSE
10-01-2027,660846,44328,1277363,1,Jan-27,Q1 2027,1,Sunday,10,1,LOW,  MAINTAIN - Normal,2027-01,1,National,10-01-2027,282,55.11950992,High,1,FALSE,FALSE,Loyal Customers,432,-300,1,FALSE
11-01-2027,660848,44330,1277366,1,Jan-27,Q1 2027,2,Monday,11,0,LOW,  MAINTAIN - Normal,2027-01,1,National,11-01-2027,283,36.61228955,Very Low,1,FALSE,FALSE,Loyal Customers,432,-301,1,FALSE
12-01-2027,660853,44335,1277371,1,Jan-27,Q1 2027,2,Tuesday,12,0,LOW,  MAINTAIN - Normal,2027-01,1,National,12-01-2027,284,44.56943108,Low,1,FALSE,FALSE,Loyal Customers,432,-302,1,FALSE
13-01-2027,660860,44342,1277378,1,Jan-27,Q1 2027,2,Wednesday,13,0,LOW,  MAINTAIN - Normal,2027-01,1,National,13-01-2027,285,36.75430218,Very Low,1,FALSE,FALSE,Loyal Customers,432,-303,1,FALSE
14-01-2027,660868,44350,1277386,1,Jan-27,Q1 2027,2,Thursday,14,0,LOW,  MAINTAIN - Normal,2027-01,1,National,14-01-2027,286,53.26655328,Medium,1,FALSE,FALSE,Loyal Customers,433,-304,1,FALSE
15-01-2027,660876,44359,1277394,1,Jan-27,Q1 2027,2,Friday,15,0,LOW,  MAINTAIN - Normal,2027-01,1,National,15-01-2027,287,38.44953853,Very Low,1,FALSE,FALSE,Loyal Customers,433,-305,1,FALSE
16-01-2027,660883,44366,1277401,1,Jan-27,Q1 2027,2,Saturday,16,1,LOW,  MAINTAIN - Normal,2027-01,1,National,16-01-2027,288,41.9118234,Low,1,FALSE,FALSE,Loyal Customers,433,-306,1,FALSE
17-01-2027,660889,44371,1277406,1,Jan-27,Q1 2027,2,Sunday,17,1,LOW,  MAINTAIN - Normal,2027-01,1,National,17-01-2027,289,51.83320578,Medium,1,FALSE,FALSE,Loyal Customers,434,-307,1,FALSE
18-01-2027,660892,44374,1277410,1,Jan-27,Q1 2027,3,Monday,18,0,LOW,  MAINTAIN - Normal,2027-01,1,National,18-01-2027,290,47.33480532,Medium,1,FALSE,FALSE,Loyal Customers,434,-308,1,FALSE
19-01-2027,660893,44375,1277410,1,Jan-27,Q1 2027,3,Tuesday,19,0,LOW,  MAINTAIN - Normal,2027-01,1,National,19-01-2027,291,50.02164056,Medium,1,FALSE,FALSE,Loyal Customers,434,-309,1,FALSE
20-01-2027,660891,44373,1277409,1,Jan-27,Q1 2027,3,Wednesday,20,0,LOW,  MAINTAIN - Normal,2027-01,1,National,20-01-2027,292,36.67606715,Very Low,1,FALSE,FALSE,Loyal Customers,434,-310,1,FALSE
21-01-2027,660888,44370,1277405,1,Jan-27,Q1 2027,3,Thursday,21,0,LOW,  MAINTAIN - Normal,2027-01,1,National,21-01-2027,293,56.84131358,High,1,FALSE,FALSE,Loyal Customers,534,-311,1,FALSE
22-01-2027,660883,44365,1277400,1,Jan-27,Q1 2027,3,Friday,22,0,LOW,  MAINTAIN - Normal,2027-01,1,National,22-01-2027,294,44.995605,Low,1,FALSE,FALSE,Loyal Customers,533,-312,1,FALSE
23-01-2027,660877,44359,1277395,1,Jan-27,Q1 2027,3,Saturday,23,1,LOW,  MAINTAIN - Normal,2027-01,1,National,23-01-2027,295,42.42396836,Low,1,FALSE,FALSE,Loyal Customers,533,-313,1,FALSE
24-01-2027,660871,44353,1277389,1,Jan-27,Q1 2027,3,Sunday,24,1,LOW,  MAINTAIN - Normal,2027-01,1,National,24-01-2027,296,43.13940601,Low,1,FALSE,FALSE,Loyal Customers,533,-314,1,FALSE
25-01-2027,660866,44348,1277384,1,Jan-27,Q1 2027,4,Monday,25,0,LOW,  MAINTAIN - Normal,2027-01,1,National,25-01-2027,297,58.48187611,High,1,FALSE,FALSE,Loyal Customers,533,-315,1,FALSE
26-01-2027,660862,44345,1277380,1,Jan-27,Q1 2027,4,Tuesday,26,0,LOW,  MAINTAIN - Normal,2027-01,1,National,26-01-2027,298,56.10402581,High,1,FALSE,FALSE,Loyal Customers,532,-316,1,FALSE
27-01-2027,660860,44342,1277378,1,Jan-27,Q1 2027,4,Wednesday,27,0,LOW,  MAINTAIN - Normal,2027-01,1,National,27-01-2027,299,48.36548581,Medium,1,FALSE,FALSE,Loyal Customers,532,-317,1,FALSE
28-01-2027,660859,44342,1277377,1,Jan-27,Q1 2027,4,Thursday,28,0,LOW,  MAINTAIN - Normal,2027-01,1,National,28-01-2027,300,49.63641029,Medium,1,FALSE,FALSE,Loyal Customers,532,-318,1,FALSE
29-01-2027,660860,44343,1277378,1,Jan-27,Q1 2027,4,Friday,29,0,LOW,  MAINTAIN - Normal,2027-01,1,National,29-01-2027,301,59.48290434,Premium,1,FALSE,FALSE,Loyal Customers,532,-319,1,FALSE
30-01-2027,660863,44345,1277381,1,Jan-27,Q1 2027,4,Saturday,30,1,LOW,  MAINTAIN - Normal,2027-01,1,National,30-01-2027,302,61.41410461,Premium,1,FALSE,FALSE,Loyal Customers,532,-320,1,FALSE
31-01-2027,660866,44349,1277384,1,Jan-27,Q1 2027,4,Sunday,31,1,LOW,  MAINTAIN - Normal,2027-01,1,National,31-01-2027,303,49.82177605,Medium,1,FALSE,FALSE,Loyal Customers,533,-321,1,FALSE
01-02-2027,660870,44353,1277388,2,Feb-27,Q1 2027,5,Monday,1,0,LOW,  MAINTAIN - Normal,2027-02,1,National,01-02-2027,304,52.78050159,Medium,1,FALSE,FALSE,Loyal Customers,533,-322,1,FALSE
02-02-2027,660874,44357,1277392,2,Feb-27,Q1 2027,5,Tuesday,2,0,LOW,  MAINTAIN - Normal,2027-02,1,National,02-02-2027,305,61.19732874,Premium,1,FALSE,FALSE,Loyal Customers,533,-323,1,FALSE
03-02-2027,660878,44360,1277396,2,Feb-27,Q1 2027,5,Wednesday,3,0,LOW,  MAINTAIN - Normal,2027-02,1,National,03-02-2027,306,43.55049985,Low,1,FALSE,FALSE,Loyal Customers,533,-324,1,FALSE
04-02-2027,660881,44363,1277398,2,Feb-27,Q1 2027,5,Thursday,4,0,LOW,  MAINTAIN - Normal,2027-02,1,National,04-02-2027,307,41.88785061,Low,1,FALSE,FALSE,Loyal Customers,533,-325,1,FALSE
05-02-2027,660882,44365,1277400,2,Feb-27,Q1 2027,5,Friday,5,0,LOW,  MAINTAIN - Normal,2027-02,1,National,05-02-2027,308,53.83901678,High,1,FALSE,FALSE,Loyal Customers,533,-326,1,FALSE
06-02-2027,660883,44365,1277401,2,Feb-27,Q1 2027,5,Saturday,6,1,LOW,  MAINTAIN - Normal,2027-02,1,National,06-02-2027,309,42.85502914,Low,1,FALSE,FALSE,Loyal Customers,533,-327,1,FALSE
07-02-2027,660882,44364,1277400,2,Feb-27,Q1 2027,5,Sunday,7,1,LOW,  MAINTAIN - Normal,2027-02,1,National,07-02-2027,310,48.28341473,Medium,1,FALSE,FALSE,Loyal Customers,533,-328,1,FALSE
08-02-2027,660880,44363,1277398,2,Feb-27,Q1 2027,6,Monday,8,0,LOW,  MAINTAIN - Normal,2027-02,1,National,08-02-2027,311,42.8990235,Low,1,FALSE,FALSE,Loyal Customers,533,-329,1,FALSE
09-02-2027,660878,44360,1277396,2,Feb-27,Q1 2027,6,Tuesday,9,0,LOW,  MAINTAIN - Normal,2027-02,1,National,09-02-2027,312,64.68432952,Premium,1,FALSE,FALSE,Loyal Customers,533,-330,1,FALSE
10-02-2027,660875,44357,1277393,2,Feb-27,Q1 2027,6,Wednesday,10,0,LOW,  MAINTAIN - Normal,2027-02,1,National,10-02-2027,313,53.02222824,Medium,1,FALSE,FALSE,Loyal Customers,533,-331,1,FALSE
11-02-2027,660872,44355,1277390,2,Feb-27,Q1 2027,6,Thursday,11,0,LOW,  MAINTAIN - Normal,2027-02,1,National,11-02-2027,314,43.21386965,Low,1,FALSE,FALSE,Loyal Customers,533,-332,1,FALSE
12-02-2027,660870,44352,1277387,2,Feb-27,Q1 2027,6,Friday,12,0,LOW,  MAINTAIN - Normal,2027-02,1,National,12-02-2027,315,35.08772187,Very Low,1,FALSE,FALSE,Loyal Customers,533,-333,1,FALSE
13-02-2027,660868,44350,1277385,2,Feb-27,Q1 2027,6,Saturday,13,1,LOW,  MAINTAIN - Normal,2027-02,1,National,13-02-2027,316,50.1384719,Medium,1,FALSE,FALSE,Loyal Customers,533,-334,1,FALSE
14-02-2027,660867,44349,1277384,2,Feb-27,Q1 2027,6,Sunday,14,1,LOW,  MAINTAIN - Normal,2027-02,1,National,14-02-2027,317,63.25444837,Premium,1,FALSE,FALSE,Loyal Customers,533,-335,1,FALSE
15-02-2027,660866,44349,1277384,2,Feb-27,Q1 2027,7,Monday,15,0,LOW,  MAINTAIN - Normal,2027-02,1,National,15-02-2027,318,39.5770429,Very Low,1,FALSE,FALSE,Loyal Customers,533,-336,1,FALSE
16-02-2027,660867,44349,1277384,2,Feb-27,Q1 2027,7,Tuesday,16,0,LOW,  MAINTAIN - Normal,2027-02,1,National,16-02-2027,319,61.70561898,Premium,1,FALSE,FALSE,Loyal Customers,533,-337,1,FALSE
17-02-2027,660868,44350,1277386,2,Feb-27,Q1 2027,7,Wednesday,17,0,LOW,  MAINTAIN - Normal,2027-02,1,National,17-02-2027,320,59.54329316,Premium,1,FALSE,FALSE,Loyal Customers,533,-338,1,FALSE
18-02-2027,660870,44352,1277387,2,Feb-27,Q1 2027,7,Thursday,18,0,LOW,  MAINTAIN - Normal,2027-02,1,National,18-02-2027,321,45.16823935,Low,1,FALSE,FALSE,Loyal Customers,533,-339,1,FALSE
19-02-2027,660872,44354,1277389,2,Feb-27,Q1 2027,7,Friday,19,0,LOW,  MAINTAIN - Normal,2027-02,1,National,19-02-2027,322,64.64544893,Premium,1,FALSE,FALSE,Loyal Customers,533,-340,1,FALSE
20-02-2027,660874,44356,1277391,2,Feb-27,Q1 2027,7,Saturday,20,1,LOW,  MAINTAIN - Normal,2027-02,1,National,20-02-2027,323,39.22175418,Very Low,1,FALSE,FALSE,Loyal Customers,533,-341,1,FALSE
21-02-2027,660876,44358,1277393,2,Feb-27,Q1 2027,7,Sunday,21,1,LOW,  MAINTAIN - Normal,2027-02,1,National,21-02-2027,324,46.69824751,Low,1,FALSE,FALSE,Loyal Customers,533,-342,1,FALSE
22-02-2027,660877,44359,1277395,2,Feb-27,Q1 2027,8,Monday,22,0,LOW,  MAINTAIN - Normal,2027-02,1,National,22-02-2027,325,36.23247594,Very Low,1,FALSE,FALSE,Loyal Customers,533,-343,1,FALSE
23-02-2027,660878,44360,1277395,2,Feb-27,Q1 2027,8,Tuesday,23,0,LOW,  MAINTAIN - Normal,2027-02,1,National,23-02-2027,326,40.64631776,Very Low,1,FALSE,FALSE,Loyal Customers,533,-344,1,FALSE
24-02-2027,660878,44360,1277396,2,Feb-27,Q1 2027,8,Wednesday,24,0,LOW,  MAINTAIN - Normal,2027-02,1,National,24-02-2027,327,51.23948577,Medium,1,FALSE,FALSE,Loyal Customers,533,-345,1,FALSE
25-02-2027,660878,44360,1277395,2,Feb-27,Q1 2027,8,Thursday,25,0,LOW,  MAINTAIN - Normal,2027-02,1,National,25-02-2027,328,46.97231598,Medium,1,FALSE,FALSE,Loyal Customers,533,-346,1,FALSE
26-02-2027,660877,44359,1277395,2,Feb-27,Q1 2027,8,Friday,26,0,LOW,  MAINTAIN - Normal,2027-02,1,National,26-02-2027,329,55.70504486,High,1,FALSE,FALSE,Loyal Customers,533,-347,1,FALSE
27-02-2027,660876,44358,1277393,2,Feb-27,Q1 2027,8,Saturday,27,1,LOW,  MAINTAIN - Normal,2027-02,1,National,27-02-2027,330,53.12793876,Medium,1,FALSE,FALSE,Loyal Customers,533,-348,1,FALSE
28-02-2027,660874,44357,1277392,2,Feb-27,Q1 2027,8,Sunday,28,1,LOW,  MAINTAIN - Normal,2027-02,1,National,28-02-2027,331,39.89784591,Very Low,1,FALSE,FALSE,Loyal Customers,533,-349,1,FALSE
01-03-2027,660873,44355,1277390,3,Mar-27,Q1 2027,9,Monday,1,0,LOW,  MAINTAIN - Normal,2027-03,1,National,01-03-2027,332,43.60398197,Low,1,FALSE,FALSE,Loyal Customers,533,-350,1,FALSE
02-03-2027,660872,44354,1277389,3,Mar-27,Q1 2027,9,Tuesday,2,0,LOW,  MAINTAIN - Normal,2027-03,1,National,02-03-2027,333,62.75093882,Premium,1,FALSE,FALSE,Loyal Customers,533,-351,1,FALSE
03-03-2027,660871,44353,1277388,3,Mar-27,Q1 2027,9,Wednesday,3,0,LOW,  MAINTAIN - Normal,2027-03,1,National,03-03-2027,334,38.5908835,Very Low,1,FALSE,FALSE,Loyal Customers,533,-352,1,FALSE
04-03-2027,660870,44352,1277388,3,Mar-27,Q1 2027,9,Thursday,4,0,LOW,  MAINTAIN - Normal,2027-03,1,National,04-03-2027,335,61.32635132,Premium,1,FALSE,FALSE,Loyal Customers,533,-353,1,FALSE
05-03-2027,660870,44352,1277387,3,Mar-27,Q1 2027,9,Friday,5,0,LOW,  MAINTAIN - Normal,2027-03,1,National,05-03-2027,336,42.58921592,Low,1,FALSE,FALSE,Loyal Customers,533,-354,1,FALSE
06-03-2027,660870,44352,1277388,3,Mar-27,Q1 2027,9,Saturday,6,1,LOW,  MAINTAIN - Normal,2027-03,1,National,06-03-2027,337,47.12453812,Medium,1,FALSE,FALSE,Loyal Customers,533,-355,1,FALSE
07-03-2027,660871,44353,1277388,3,Mar-27,Q1 2027,9,Sunday,7,1,LOW,  MAINTAIN - Normal,2027-03,1,National,07-03-2027,338,36.39603839,Very Low,1,FALSE,FALSE,Loyal Customers,533,-356,1,FALSE
08-03-2027,660871,44354,1277389,3,Mar-27,Q1 2027,10,Monday,8,0,LOW,  MAINTAIN - Normal,2027-03,1,National,08-03-2027,339,42.08264291,Low,1,FALSE,FALSE,Loyal Customers,533,-357,1,FALSE
09-03-2027,660872,44355,1277390,3,Mar-27,Q1 2027,10,Tuesday,9,0,LOW,  MAINTAIN - Normal,2027-03,1,National,09-03-2027,340,47.58516683,Medium,1,FALSE,FALSE,Loyal Customers,533,-358,1,FALSE
10-03-2027,660873,44356,1277391,3,Mar-27,Q1 2027,10,Wednesday,10,0,LOW,  MAINTAIN - Normal,2027-03,1,National,10-03-2027,341,57.55234176,High,1,FALSE,FALSE,Loyal Customers,533,-359,1,FALSE
11-03-2027,660874,44357,1277392,3,Mar-27,Q1 2027,10,Thursday,11,0,LOW,  MAINTAIN - Normal,2027-03,1,National,11-03-2027,342,43.04689731,Low,1,FALSE,FALSE,Loyal Customers,533,-360,1,FALSE
12-03-2027,660875,44357,1277393,3,Mar-27,Q1 2027,10,Friday,12,0,LOW,  MAINTAIN - Normal,2027-03,1,National,12-03-2027,343,40.59538848,Very Low,1,FALSE,FALSE,Loyal Customers,533,-361,1,FALSE
13-03-2027,660875,44358,1277393,3,Mar-27,Q1 2027,10,Saturday,13,1,LOW,  MAINTAIN - Normal,2027-03,1,National,13-03-2027,344,46.59674554,Low,1,FALSE,FALSE,Loyal Customers,533,-362,1,FALSE
14-03-2027,660876,44358,1277393,3,Mar-27,Q1 2027,10,Sunday,14,1,LOW,  MAINTAIN - Normal,2027-03,1,National,14-03-2027,345,45.21139288,Low,1,FALSE,FALSE,Loyal Customers,533,-363,1,FALSE
15-03-2027,660875,44358,1277393,3,Mar-27,Q1 2027,11,Monday,15,0,LOW,  MAINTAIN - Normal,2027-03,1,National,15-03-2027,346,36.25883569,Very Low,1,FALSE,FALSE,Loyal Customers,533,-364,1,FALSE
16-03-2027,660875,44357,1277393,3,Mar-27,Q1 2027,11,Tuesday,16,0,LOW,  MAINTAIN - Normal,2027-03,1,National,16-03-2027,347,47.58283115,Medium,1,FALSE,FALSE,Loyal Customers,533,-365,1,FALSE
17-03-2027,660874,44357,1277392,3,Mar-27,Q1 2027,11,Wednesday,17,0,LOW,  MAINTAIN - Normal,2027-03,1,National,17-03-2027,348,35.9987383,Very Low,1,FALSE,FALSE,Loyal Customers,533,-366,1,FALSE
18-03-2027,660874,44356,1277391,3,Mar-27,Q1 2027,11,Thursday,18,0,LOW,  MAINTAIN - Normal,2027-03,1,National,18-03-2027,349,56.69494292,High,1,FALSE,FALSE,Loyal Customers,533,-367,1,FALSE
19-03-2027,660873,44355,1277391,3,Mar-27,Q1 2027,11,Friday,19,0,LOW,  MAINTAIN - Normal,2027-03,1,National,19-03-2027,350,42.67799171,Low,1,FALSE,FALSE,Loyal Customers,533,-368,1,FALSE
20-03-2027,660872,44355,1277390,3,Mar-27,Q1 2027,11,Saturday,20,1,LOW,  MAINTAIN - Normal,2027-03,1,National,20-03-2027,351,57.21106938,High,1,FALSE,FALSE,Loyal Customers,533,-369,1,FALSE
21-03-2027,660872,44354,1277390,3,Mar-27,Q1 2027,11,Sunday,21,1,LOW,  MAINTAIN - Normal,2027-03,1,National,21-03-2027,352,54.29737632,High,1,FALSE,FALSE,Loyal Customers,533,-370,1,FALSE
22-03-2027,660872,44354,1277389,3,Mar-27,Q1 2027,12,Monday,22,0,LOW,  MAINTAIN - Normal,2027-03,1,National,22-03-2027,353,40.3317978,Very Low,1,FALSE,FALSE,Loyal Customers,533,-371,1,FALSE
23-03-2027,660871,44354,1277389,3,Mar-27,Q1 2027,12,Tuesday,23,0,LOW,  MAINTAIN - Normal,2027-03,1,National,23-03-2027,354,46.87494598,Medium,1,FALSE,FALSE,Loyal Customers,533,-372,1,FALSE
24-03-2027,660872,44354,1277389,3,Mar-27,Q1 2027,12,Wednesday,24,0,LOW,  MAINTAIN - Normal,2027-03,1,National,24-03-2027,355,56.83237419,High,1,FALSE,FALSE,Loyal Customers,533,-373,1,FALSE
25-03-2027,660872,44354,1277390,3,Mar-27,Q1 2027,12,Thursday,25,0,LOW,  MAINTAIN - Normal,2027-03,1,National,25-03-2027,356,60.3041482,Premium,1,FALSE,FALSE,Loyal Customers,533,-374,1,FALSE
26-03-2027,660872,44355,1277390,3,Mar-27,Q1 2027,12,Friday,26,0,LOW,  MAINTAIN - Normal,2027-03,1,National,26-03-2027,357,43.71976297,Low,1,FALSE,FALSE,Loyal Customers,533,-375,1,FALSE
27-03-2027,660873,44355,1277390,3,Mar-27,Q1 2027,12,Saturday,27,1,LOW,  MAINTAIN - Normal,2027-03,1,National,27-03-2027,358,56.09596842,High,1,FALSE,FALSE,Loyal Customers,533,-376,1,FALSE
28-03-2027,660873,44356,1277391,3,Mar-27,Q1 2027,12,Sunday,28,1,LOW,  MAINTAIN - Normal,2027-03,1,National,28-03-2027,359,58.36204374,High,1,FALSE,FALSE,Loyal Customers,533,-377,1,FALSE
29-03-2027,660874,44356,1277391,3,Mar-27,Q1 2027,13,Monday,29,0,LOW,  MAINTAIN - Normal,2027-03,1,National,29-03-2027,360,35.36912493,Very Low,1,FALSE,FALSE,Loyal Customers,533,-378,1,FALSE
30-03-2027,660874,44356,1277392,3,Mar-27,Q1 2027,13,Tuesday,30,0,LOW,  MAINTAIN - Normal,2027-03,1,National,30-03-2027,361,37.48603071,Very Low,1,FALSE,FALSE,Loyal Customers,533,-379,1,FALSE
31-03-2027,660874,44357,1277392,3,Mar-27,Q1 2027,13,Wednesday,31,0,LOW,  MAINTAIN - Normal,2027-03,1,National,31-03-2027,362,46.77937744,Low,1,FALSE,FALSE,Loyal Customers,533,-380,1,FALSE
01-04-2027,660874,44357,1277392,4,Apr-27,Q2 2027,13,Thursday,1,0,LOW, PROMOTIONS - Slow Month,2027-04,1,National,01-04-2027,363,38.84555869,Very Low,1,FALSE,FALSE,Loyal Customers,533,-381,1,FALSE
02-04-2027,660874,44357,1277392,4,Apr-27,Q2 2027,13,Friday,2,0,LOW, PROMOTIONS - Slow Month,2027-04,1,National,02-04-2027,364,48.59068576,Medium,1,FALSE,FALSE,Loyal Customers,533,-382,1,FALSE
03-04-2027,660874,44356,1277392,4,Apr-27,Q2 2027,13,Saturday,3,1,LOW, PROMOTIONS - Slow Month,2027-04,1,National,03-04-2027,365,36.28755127,Very Low,1,FALSE,FALSE,Loyal Customers,533,-383,1,FALSE
